EIC;00ZEE-00000000-C
Seerianumber;00000000
Periood;2025-08-01 kuni 2025-08-28
Koostamise aeg;2025-08-28
"";;Tarbimine 2-ajatsooni;Tarbimine 4-ajatsooni
Kokku;;637,042;637,042
Päeva tarbimine;;230,807;116,288
Öö tarbimine;;406,235;342,922
Tiputarbimine päeval (Tipp päev);;;114,519
Tiputarbimine puhkajal (Tipp puhkepäev);;;63,313
""
Algusaeg;Päev/öö/tipp päev/tipp puhkepäev;Tarbimine;Tunnikoguse tüüp
01.08.2025 00:00;Öö;0,173;Tegelik
01.08.2025 00:15;Öö;0,173;Tegelik
01.08.2025 00:30;Öö;0,173;Tegelik
01.08.2025 00:45;Öö;0,172;Tegelik
01.08.2025 01:00;Öö;0,212;Tegelik
01.08.2025 01:15;Öö;0,212;Tegelik
01.08.2025 01:30;Öö;0,212;Tegelik
01.08.2025 01:45;Öö;0,214;Tegelik
01.08.2025 02:00;Öö;0,154;Tegelik
01.08.2025 02:15;Öö;0,154;Tegelik
01.08.2025 02:30;Öö;0,154;Tegelik
01.08.2025 02:45;Öö;0,154;Tegelik
01.08.2025 03:00;Öö;0,184;Tegelik
01.08.2025 03:15;Öö;0,184;Tegelik
01.08.2025 03:30;Öö;0,184;Tegelik
01.08.2025 03:45;Öö;0,185;Tegelik
01.08.2025 04:00;Öö;0,142;Tegelik
01.08.2025 04:15;Öö;0,142;Tegelik
01.08.2025 04:30;Öö;0,142;Tegelik
01.08.2025 04:45;Öö;0,140;Tegelik
01.08.2025 05:00;Öö;0,169;Tegelik
01.08.2025 05:15;Öö;0,169;Tegelik
01.08.2025 05:30;Öö;0,169;Tegelik
01.08.2025 05:45;Öö;0,170;Tegelik
01.08.2025 06:00;Öö;0,454;Tegelik
01.08.2025 06:15;Öö;0,454;Tegelik
01.08.2025 06:30;Öö;0,454;Tegelik
01.08.2025 06:45;Öö;0,455;Tegelik
01.08.2025 07:00;Päev;0,334;Tegelik
01.08.2025 07:15;Päev;0,334;Tegelik
01.08.2025 07:30;Päev;0,334;Tegelik
01.08.2025 07:45;Päev;0,336;Tegelik
01.08.2025 08:00;Päev;0,220;Tegelik
01.08.2025 08:15;Päev;0,220;Tegelik
01.08.2025 08:30;Päev;0,220;Tegelik
01.08.2025 08:45;Päev;0,222;Tegelik
01.08.2025 09:00;Tipp päev;0,249;Tegelik
01.08.2025 09:15;Tipp päev;0,249;Tegelik
01.08.2025 09:30;Tipp päev;0,249;Tegelik
01.08.2025 09:45;Tipp päev;0,248;Tegelik
01.08.2025 10:00;Tipp päev;0,268;Tegelik
01.08.2025 10:15;Tipp päev;0,268;Tegelik
01.08.2025 10:30;Tipp päev;0,268;Tegelik
01.08.2025 10:45;Tipp päev;0,270;Tegelik
01.08.2025 11:00;Tipp päev;0,226;Tegelik
01.08.2025 11:15;Tipp päev;0,226;Tegelik
01.08.2025 11:30;Tipp päev;0,226;Tegelik
01.08.2025 11:45;Tipp päev;0,227;Tegelik
01.08.2025 12:00;Päev;0,167;Tegelik
01.08.2025 12:15;Päev;0,167;Tegelik
01.08.2025 12:30;Päev;0,167;Tegelik
01.08.2025 12:45;Päev;0,168;Tegelik
01.08.2025 13:00;Päev;0,132;Tegelik
01.08.2025 13:15;Päev;0,132;Tegelik
01.08.2025 13:30;Päev;0,132;Tegelik
01.08.2025 13:45;Päev;0,130;Tegelik
01.08.2025 14:00;Päev;0,100;Tegelik
01.08.2025 14:15;Päev;0,100;Tegelik
01.08.2025 14:30;Päev;0,100;Tegelik
01.08.2025 14:45;Päev;0,100;Tegelik
01.08.2025 15:00;Päev;0,140;Tegelik
01.08.2025 15:15;Päev;0,140;Tegelik
01.08.2025 15:30;Päev;0,140;Tegelik
01.08.2025 15:45;Päev;0,141;Tegelik
01.08.2025 16:00;Tipp päev;0,191;Tegelik
01.08.2025 16:15;Tipp päev;0,191;Tegelik
01.08.2025 16:30;Tipp päev;0,191;Tegelik
01.08.2025 16:45;Tipp päev;0,191;Tegelik
01.08.2025 17:00;Tipp päev;0,302;Tegelik
01.08.2025 17:15;Tipp päev;0,302;Tegelik
01.08.2025 17:30;Tipp päev;0,302;Tegelik
01.08.2025 17:45;Tipp päev;0,304;Tegelik
01.08.2025 18:00;Tipp päev;0,327;Tegelik
01.08.2025 18:15;Tipp päev;0,327;Tegelik
01.08.2025 18:30;Tipp päev;0,327;Tegelik
01.08.2025 18:45;Tipp päev;0,328;Tegelik
01.08.2025 19:00;Tipp päev;0,251;Tegelik
01.08.2025 19:15;Tipp päev;0,251;Tegelik
01.08.2025 19:30;Tipp päev;0,251;Tegelik
01.08.2025 19:45;Tipp päev;0,251;Tegelik
01.08.2025 20:00;Päev;0,278;Tegelik
01.08.2025 20:15;Päev;0,278;Tegelik
01.08.2025 20:30;Päev;0,278;Tegelik
01.08.2025 20:45;Päev;0,279;Tegelik
01.08.2025 21:00;Päev;0,214;Tegelik
01.08.2025 21:15;Päev;0,214;Tegelik
01.08.2025 21:30;Päev;0,214;Tegelik
01.08.2025 21:45;Päev;0,212;Tegelik
01.08.2025 22:00;Öö;0,216;Tegelik
01.08.2025 22:15;Öö;0,216;Tegelik
01.08.2025 22:30;Öö;0,216;Tegelik
01.08.2025 22:45;Öö;0,217;Tegelik
01.08.2025 23:00;Öö;0,174;Tegelik
01.08.2025 23:15;Öö;0,174;Tegelik
01.08.2025 23:30;Öö;0,174;Tegelik
01.08.2025 23:45;Öö;0,174;Tegelik
02.08.2025 00:00;Öö;0,188;Tegelik
02.08.2025 00:15;Öö;0,188;Tegelik
02.08.2025 00:30;Öö;0,188;Tegelik
02.08.2025 00:45;Öö;0,189;Tegelik
02.08.2025 01:00;Öö;0,171;Tegelik
02.08.2025 01:15;Öö;0,171;Tegelik
02.08.2025 01:30;Öö;0,171;Tegelik
02.08.2025 01:45;Öö;0,170;Tegelik
02.08.2025 02:00;Öö;0,150;Tegelik
02.08.2025 02:15;Öö;0,150;Tegelik
02.08.2025 02:30;Öö;0,150;Tegelik
02.08.2025 02:45;Öö;0,149;Tegelik
02.08.2025 03:00;Öö;0,166;Tegelik
02.08.2025 03:15;Öö;0,166;Tegelik
02.08.2025 03:30;Öö;0,166;Tegelik
02.08.2025 03:45;Öö;0,164;Tegelik
02.08.2025 04:00;Öö;0,140;Tegelik
02.08.2025 04:15;Öö;0,140;Tegelik
02.08.2025 04:30;Öö;0,140;Tegelik
02.08.2025 04:45;Öö;0,139;Tegelik
02.08.2025 05:00;Öö;0,153;Tegelik
02.08.2025 05:15;Öö;0,153;Tegelik
02.08.2025 05:30;Öö;0,153;Tegelik
02.08.2025 05:45;Öö;0,152;Tegelik
02.08.2025 06:00;Öö;0,238;Tegelik
02.08.2025 06:15;Öö;0,238;Tegelik
02.08.2025 06:30;Öö;0,238;Tegelik
02.08.2025 06:45;Öö;0,238;Tegelik
02.08.2025 07:00;Öö;0,200;Tegelik
02.08.2025 07:15;Öö;0,200;Tegelik
02.08.2025 07:30;Öö;0,200;Tegelik
02.08.2025 07:45;Öö;0,202;Tegelik
02.08.2025 08:00;Öö;0,208;Tegelik
02.08.2025 08:15;Öö;0,208;Tegelik
02.08.2025 08:30;Öö;0,208;Tegelik
02.08.2025 08:45;Öö;0,207;Tegelik
02.08.2025 09:00;Öö;0,192;Tegelik
02.08.2025 09:15;Öö;0,192;Tegelik
02.08.2025 09:30;Öö;0,192;Tegelik
02.08.2025 09:45;Öö;0,192;Tegelik
02.08.2025 10:00;Öö;0,238;Tegelik
02.08.2025 10:15;Öö;0,238;Tegelik
02.08.2025 10:30;Öö;0,238;Tegelik
02.08.2025 10:45;Öö;0,239;Tegelik
02.08.2025 11:00;Öö;0,421;Tegelik
02.08.2025 11:15;Öö;0,421;Tegelik
02.08.2025 11:30;Öö;0,421;Tegelik
02.08.2025 11:45;Öö;0,421;Tegelik
02.08.2025 12:00;Öö;0,376;Tegelik
02.08.2025 12:15;Öö;0,376;Tegelik
02.08.2025 12:30;Öö;0,376;Tegelik
02.08.2025 12:45;Öö;0,375;Tegelik
02.08.2025 13:00;Öö;0,241;Tegelik
02.08.2025 13:15;Öö;0,241;Tegelik
02.08.2025 13:30;Öö;0,241;Tegelik
02.08.2025 13:45;Öö;0,242;Tegelik
02.08.2025 14:00;Öö;0,153;Tegelik
02.08.2025 14:15;Öö;0,153;Tegelik
02.08.2025 14:30;Öö;0,153;Tegelik
02.08.2025 14:45;Öö;0,154;Tegelik
02.08.2025 15:00;Öö;1,366;Tegelik
02.08.2025 15:15;Öö;1,366;Tegelik
02.08.2025 15:30;Öö;1,366;Tegelik
02.08.2025 15:45;Öö;1,365;Tegelik
02.08.2025 16:00;Tipp öö;1,136;Tegelik
02.08.2025 16:15;Tipp öö;1,136;Tegelik
02.08.2025 16:30;Tipp öö;1,136;Tegelik
02.08.2025 16:45;Tipp öö;1,137;Tegelik
02.08.2025 17:00;Tipp öö;0,708;Tegelik
02.08.2025 17:15;Tipp öö;0,708;Tegelik
02.08.2025 17:30;Tipp öö;0,708;Tegelik
02.08.2025 17:45;Tipp öö;0,710;Tegelik
02.08.2025 18:00;Tipp öö;0,311;Tegelik
02.08.2025 18:15;Tipp öö;0,311;Tegelik
02.08.2025 18:30;Tipp öö;0,311;Tegelik
02.08.2025 18:45;Tipp öö;0,310;Tegelik
02.08.2025 19:00;Tipp öö;0,314;Tegelik
02.08.2025 19:15;Tipp öö;0,314;Tegelik
02.08.2025 19:30;Tipp öö;0,314;Tegelik
02.08.2025 19:45;Tipp öö;0,312;Tegelik
02.08.2025 20:00;Öö;0,252;Tegelik
02.08.2025 20:15;Öö;0,252;Tegelik
02.08.2025 20:30;Öö;0,252;Tegelik
02.08.2025 20:45;Öö;0,254;Tegelik
02.08.2025 21:00;Öö;0,210;Tegelik
02.08.2025 21:15;Öö;0,210;Tegelik
02.08.2025 21:30;Öö;0,210;Tegelik
02.08.2025 21:45;Öö;0,209;Tegelik
02.08.2025 22:00;Öö;0,234;Tegelik
02.08.2025 22:15;Öö;0,234;Tegelik
02.08.2025 22:30;Öö;0,234;Tegelik
02.08.2025 22:45;Öö;0,235;Tegelik
02.08.2025 23:00;Öö;0,174;Tegelik
02.08.2025 23:15;Öö;0,174;Tegelik
02.08.2025 23:30;Öö;0,174;Tegelik
02.08.2025 23:45;Öö;0,176;Tegelik
03.08.2025 00:00;Öö;0,208;Tegelik
03.08.2025 00:15;Öö;0,208;Tegelik
03.08.2025 00:30;Öö;0,208;Tegelik
03.08.2025 00:45;Öö;0,210;Tegelik
03.08.2025 01:00;Öö;0,140;Tegelik
03.08.2025 01:15;Öö;0,140;Tegelik
03.08.2025 01:30;Öö;0,140;Tegelik
03.08.2025 01:45;Öö;0,140;Tegelik
03.08.2025 02:00;Öö;0,144;Tegelik
03.08.2025 02:15;Öö;0,144;Tegelik
03.08.2025 02:30;Öö;0,144;Tegelik
03.08.2025 02:45;Öö;0,145;Tegelik
03.08.2025 03:00;Öö;0,157;Tegelik
03.08.2025 03:15;Öö;0,157;Tegelik
03.08.2025 03:30;Öö;0,157;Tegelik
03.08.2025 03:45;Öö;0,158;Tegelik
03.08.2025 04:00;Öö;0,139;Tegelik
03.08.2025 04:15;Öö;0,139;Tegelik
03.08.2025 04:30;Öö;0,139;Tegelik
03.08.2025 04:45;Öö;0,140;Tegelik
03.08.2025 05:00;Öö;0,128;Tegelik
03.08.2025 05:15;Öö;0,128;Tegelik
03.08.2025 05:30;Öö;0,128;Tegelik
03.08.2025 05:45;Öö;0,126;Tegelik
03.08.2025 06:00;Öö;0,258;Tegelik
03.08.2025 06:15;Öö;0,258;Tegelik
03.08.2025 06:30;Öö;0,258;Tegelik
03.08.2025 06:45;Öö;0,260;Tegelik
03.08.2025 07:00;Öö;0,181;Tegelik
03.08.2025 07:15;Öö;0,181;Tegelik
03.08.2025 07:30;Öö;0,181;Tegelik
03.08.2025 07:45;Öö;0,181;Tegelik
03.08.2025 08:00;Öö;0,220;Tegelik
03.08.2025 08:15;Öö;0,220;Tegelik
03.08.2025 08:30;Öö;0,220;Tegelik
03.08.2025 08:45;Öö;0,219;Tegelik
03.08.2025 09:00;Öö;0,182;Tegelik
03.08.2025 09:15;Öö;0,182;Tegelik
03.08.2025 09:30;Öö;0,182;Tegelik
03.08.2025 09:45;Öö;0,184;Tegelik
03.08.2025 10:00;Öö;0,326;Tegelik
03.08.2025 10:15;Öö;0,326;Tegelik
03.08.2025 10:30;Öö;0,326;Tegelik
03.08.2025 10:45;Öö;0,327;Tegelik
03.08.2025 11:00;Öö;0,498;Tegelik
03.08.2025 11:15;Öö;0,498;Tegelik
03.08.2025 11:30;Öö;0,498;Tegelik
03.08.2025 11:45;Öö;0,500;Tegelik
03.08.2025 12:00;Öö;0,368;Tegelik
03.08.2025 12:15;Öö;0,368;Tegelik
03.08.2025 12:30;Öö;0,368;Tegelik
03.08.2025 12:45;Öö;0,370;Tegelik
03.08.2025 13:00;Öö;0,512;Tegelik
03.08.2025 13:15;Öö;0,512;Tegelik
03.08.2025 13:30;Öö;0,512;Tegelik
03.08.2025 13:45;Öö;0,510;Tegelik
03.08.2025 14:00;Öö;0,294;Tegelik
03.08.2025 14:15;Öö;0,294;Tegelik
03.08.2025 14:30;Öö;0,294;Tegelik
03.08.2025 14:45;Öö;0,294;Tegelik
03.08.2025 15:00;Öö;0,311;Tegelik
03.08.2025 15:15;Öö;0,311;Tegelik
03.08.2025 15:30;Öö;0,311;Tegelik
03.08.2025 15:45;Öö;0,310;Tegelik
03.08.2025 16:00;Tipp öö;0,249;Tegelik
03.08.2025 16:15;Tipp öö;0,249;Tegelik
03.08.2025 16:30;Tipp öö;0,249;Tegelik
03.08.2025 16:45;Tipp öö;0,248;Tegelik
03.08.2025 17:00;Tipp öö;0,251;Tegelik
03.08.2025 17:15;Tipp öö;0,251;Tegelik
03.08.2025 17:30;Tipp öö;0,251;Tegelik
03.08.2025 17:45;Tipp öö;0,251;Tegelik
03.08.2025 18:00;Tipp öö;0,379;Tegelik
03.08.2025 18:15;Tipp öö;0,379;Tegelik
03.08.2025 18:30;Tipp öö;0,379;Tegelik
03.08.2025 18:45;Tipp öö;0,378;Tegelik
03.08.2025 19:00;Tipp öö;0,332;Tegelik
03.08.2025 19:15;Tipp öö;0,332;Tegelik
03.08.2025 19:30;Tipp öö;0,332;Tegelik
03.08.2025 19:45;Tipp öö;0,332;Tegelik
03.08.2025 20:00;Öö;0,227;Tegelik
03.08.2025 20:15;Öö;0,227;Tegelik
03.08.2025 20:30;Öö;0,227;Tegelik
03.08.2025 20:45;Öö;0,226;Tegelik
03.08.2025 21:00;Öö;0,248;Tegelik
03.08.2025 21:15;Öö;0,248;Tegelik
03.08.2025 21:30;Öö;0,248;Tegelik
03.08.2025 21:45;Öö;0,246;Tegelik
03.08.2025 22:00;Öö;0,280;Tegelik
03.08.2025 22:15;Öö;0,280;Tegelik
03.08.2025 22:30;Öö;0,280;Tegelik
03.08.2025 22:45;Öö;0,278;Tegelik
03.08.2025 23:00;Öö;0,252;Tegelik
03.08.2025 23:15;Öö;0,252;Tegelik
03.08.2025 23:30;Öö;0,252;Tegelik
03.08.2025 23:45;Öö;0,252;Tegelik
04.08.2025 00:00;Öö;0,190;Tegelik
04.08.2025 00:15;Öö;0,190;Tegelik
04.08.2025 00:30;Öö;0,190;Tegelik
04.08.2025 00:45;Öö;0,189;Tegelik
04.08.2025 01:00;Öö;0,324;Tegelik
04.08.2025 01:15;Öö;0,324;Tegelik
04.08.2025 01:30;Öö;0,324;Tegelik
04.08.2025 01:45;Öö;0,322;Tegelik
04.08.2025 02:00;Öö;0,440;Tegelik
04.08.2025 02:15;Öö;0,440;Tegelik
04.08.2025 02:30;Öö;0,440;Tegelik
04.08.2025 02:45;Öö;0,440;Tegelik
04.08.2025 03:00;Öö;0,555;Tegelik
04.08.2025 03:15;Öö;0,555;Tegelik
04.08.2025 03:30;Öö;0,555;Tegelik
04.08.2025 03:45;Öö;0,554;Tegelik
04.08.2025 04:00;Öö;0,731;Tegelik
04.08.2025 04:15;Öö;0,731;Tegelik
04.08.2025 04:30;Öö;0,731;Tegelik
04.08.2025 04:45;Öö;0,731;Tegelik
04.08.2025 05:00;Öö;0,725;Tegelik
04.08.2025 05:15;Öö;0,725;Tegelik
04.08.2025 05:30;Öö;0,725;Tegelik
04.08.2025 05:45;Öö;0,726;Tegelik
04.08.2025 06:00;Öö;0,745;Tegelik
04.08.2025 06:15;Öö;0,745;Tegelik
04.08.2025 06:30;Öö;0,745;Tegelik
04.08.2025 06:45;Öö;0,744;Tegelik
04.08.2025 07:00;Päev;0,334;Tegelik
04.08.2025 07:15;Päev;0,334;Tegelik
04.08.2025 07:30;Päev;0,334;Tegelik
04.08.2025 07:45;Päev;0,336;Tegelik
04.08.2025 08:00;Päev;0,224;Tegelik
04.08.2025 08:15;Päev;0,224;Tegelik
04.08.2025 08:30;Päev;0,224;Tegelik
04.08.2025 08:45;Päev;0,222;Tegelik
04.08.2025 09:00;Tipp päev;0,319;Tegelik
04.08.2025 09:15;Tipp päev;0,319;Tegelik
04.08.2025 09:30;Tipp päev;0,319;Tegelik
04.08.2025 09:45;Tipp päev;0,319;Tegelik
04.08.2025 10:00;Tipp päev;0,307;Tegelik
04.08.2025 10:15;Tipp päev;0,307;Tegelik
04.08.2025 10:30;Tipp päev;0,307;Tegelik
04.08.2025 10:45;Tipp päev;0,307;Tegelik
04.08.2025 11:00;Tipp päev;0,296;Tegelik
04.08.2025 11:15;Tipp päev;0,296;Tegelik
04.08.2025 11:30;Tipp päev;0,296;Tegelik
04.08.2025 11:45;Tipp päev;0,294;Tegelik
04.08.2025 12:00;Päev;0,272;Tegelik
04.08.2025 12:15;Päev;0,272;Tegelik
04.08.2025 12:30;Päev;0,272;Tegelik
04.08.2025 12:45;Päev;0,271;Tegelik
04.08.2025 13:00;Päev;0,221;Tegelik
04.08.2025 13:15;Päev;0,221;Tegelik
04.08.2025 13:30;Päev;0,221;Tegelik
04.08.2025 13:45;Päev;0,221;Tegelik
04.08.2025 14:00;Päev;0,334;Tegelik
04.08.2025 14:15;Päev;0,334;Tegelik
04.08.2025 14:30;Päev;0,334;Tegelik
04.08.2025 14:45;Päev;0,335;Tegelik
04.08.2025 15:00;Päev;0,323;Tegelik
04.08.2025 15:15;Päev;0,323;Tegelik
04.08.2025 15:30;Päev;0,323;Tegelik
04.08.2025 15:45;Päev;0,322;Tegelik
04.08.2025 16:00;Tipp päev;0,334;Tegelik
04.08.2025 16:15;Tipp päev;0,334;Tegelik
04.08.2025 16:30;Tipp päev;0,334;Tegelik
04.08.2025 16:45;Tipp päev;0,336;Tegelik
04.08.2025 17:00;Tipp päev;0,315;Tegelik
04.08.2025 17:15;Tipp päev;0,315;Tegelik
04.08.2025 17:30;Tipp päev;0,315;Tegelik
04.08.2025 17:45;Tipp päev;0,315;Tegelik
04.08.2025 18:00;Tipp päev;0,357;Tegelik
04.08.2025 18:15;Tipp päev;0,357;Tegelik
04.08.2025 18:30;Tipp päev;0,357;Tegelik
04.08.2025 18:45;Tipp päev;0,358;Tegelik
04.08.2025 19:00;Tipp päev;0,291;Tegelik
04.08.2025 19:15;Tipp päev;0,291;Tegelik
04.08.2025 19:30;Tipp päev;0,291;Tegelik
04.08.2025 19:45;Tipp päev;0,290;Tegelik
04.08.2025 20:00;Päev;0,213;Tegelik
04.08.2025 20:15;Päev;0,213;Tegelik
04.08.2025 20:30;Päev;0,213;Tegelik
04.08.2025 20:45;Päev;0,212;Tegelik
04.08.2025 21:00;Päev;0,238;Tegelik
04.08.2025 21:15;Päev;0,238;Tegelik
04.08.2025 21:30;Päev;0,238;Tegelik
04.08.2025 21:45;Päev;0,237;Tegelik
04.08.2025 22:00;Öö;0,178;Tegelik
04.08.2025 22:15;Öö;0,178;Tegelik
04.08.2025 22:30;Öö;0,178;Tegelik
04.08.2025 22:45;Öö;0,177;Tegelik
04.08.2025 23:00;Öö;0,176;Tegelik
04.08.2025 23:15;Öö;0,176;Tegelik
04.08.2025 23:30;Öö;0,176;Tegelik
04.08.2025 23:45;Öö;0,174;Tegelik
05.08.2025 00:00;Öö;0,207;Tegelik
05.08.2025 00:15;Öö;0,207;Tegelik
05.08.2025 00:30;Öö;0,207;Tegelik
05.08.2025 00:45;Öö;0,207;Tegelik
05.08.2025 01:00;Öö;0,149;Tegelik
05.08.2025 01:15;Öö;0,149;Tegelik
05.08.2025 01:30;Öö;0,149;Tegelik
05.08.2025 01:45;Öö;0,150;Tegelik
05.08.2025 02:00;Öö;0,172;Tegelik
05.08.2025 02:15;Öö;0,172;Tegelik
05.08.2025 02:30;Öö;0,172;Tegelik
05.08.2025 02:45;Öö;0,171;Tegelik
05.08.2025 03:00;Öö;0,128;Tegelik
05.08.2025 03:15;Öö;0,128;Tegelik
05.08.2025 03:30;Öö;0,128;Tegelik
05.08.2025 03:45;Öö;0,128;Tegelik
05.08.2025 04:00;Öö;0,125;Tegelik
05.08.2025 04:15;Öö;0,125;Tegelik
05.08.2025 04:30;Öö;0,125;Tegelik
05.08.2025 04:45;Öö;0,125;Tegelik
05.08.2025 05:00;Öö;0,145;Tegelik
05.08.2025 05:15;Öö;0,145;Tegelik
05.08.2025 05:30;Öö;0,145;Tegelik
05.08.2025 05:45;Öö;0,145;Tegelik
05.08.2025 06:00;Öö;0,206;Tegelik
05.08.2025 06:15;Öö;0,206;Tegelik
05.08.2025 06:30;Öö;0,206;Tegelik
05.08.2025 06:45;Öö;0,208;Tegelik
05.08.2025 07:00;Päev;0,218;Tegelik
05.08.2025 07:15;Päev;0,218;Tegelik
05.08.2025 07:30;Päev;0,218;Tegelik
05.08.2025 07:45;Päev;0,218;Tegelik
05.08.2025 08:00;Päev;0,170;Tegelik
05.08.2025 08:15;Päev;0,170;Tegelik
05.08.2025 08:30;Päev;0,170;Tegelik
05.08.2025 08:45;Päev;0,169;Tegelik
05.08.2025 09:00;Tipp päev;0,243;Tegelik
05.08.2025 09:15;Tipp päev;0,243;Tegelik
05.08.2025 09:30;Tipp päev;0,243;Tegelik
05.08.2025 09:45;Tipp päev;0,244;Tegelik
05.08.2025 10:00;Tipp päev;0,270;Tegelik
05.08.2025 10:15;Tipp päev;0,270;Tegelik
05.08.2025 10:30;Tipp päev;0,270;Tegelik
05.08.2025 10:45;Tipp päev;0,272;Tegelik
05.08.2025 11:00;Tipp päev;0,351;Tegelik
05.08.2025 11:15;Tipp päev;0,351;Tegelik
05.08.2025 11:30;Tipp päev;0,351;Tegelik
05.08.2025 11:45;Tipp päev;0,350;Tegelik
05.08.2025 12:00;Päev;0,218;Tegelik
05.08.2025 12:15;Päev;0,218;Tegelik
05.08.2025 12:30;Päev;0,218;Tegelik
05.08.2025 12:45;Päev;0,218;Tegelik
05.08.2025 13:00;Päev;0,298;Tegelik
05.08.2025 13:15;Päev;0,298;Tegelik
05.08.2025 13:30;Päev;0,298;Tegelik
05.08.2025 13:45;Päev;0,296;Tegelik
05.08.2025 14:00;Päev;0,375;Tegelik
05.08.2025 14:15;Päev;0,375;Tegelik
05.08.2025 14:30;Päev;0,375;Tegelik
05.08.2025 14:45;Päev;0,374;Tegelik
05.08.2025 15:00;Päev;0,448;Tegelik
05.08.2025 15:15;Päev;0,448;Tegelik
05.08.2025 15:30;Päev;0,448;Tegelik
05.08.2025 15:45;Päev;0,449;Tegelik
05.08.2025 16:00;Tipp päev;0,268;Tegelik
05.08.2025 16:15;Tipp päev;0,268;Tegelik
05.08.2025 16:30;Tipp päev;0,268;Tegelik
05.08.2025 16:45;Tipp päev;0,267;Tegelik
05.08.2025 17:00;Tipp päev;0,256;Tegelik
05.08.2025 17:15;Tipp päev;0,256;Tegelik
05.08.2025 17:30;Tipp päev;0,256;Tegelik
05.08.2025 17:45;Tipp päev;0,256;Tegelik
05.08.2025 18:00;Tipp päev;0,310;Tegelik
05.08.2025 18:15;Tipp päev;0,310;Tegelik
05.08.2025 18:30;Tipp päev;0,310;Tegelik
05.08.2025 18:45;Tipp päev;0,308;Tegelik
05.08.2025 19:00;Tipp päev;0,270;Tegelik
05.08.2025 19:15;Tipp päev;0,270;Tegelik
05.08.2025 19:30;Tipp päev;0,270;Tegelik
05.08.2025 19:45;Tipp päev;0,271;Tegelik
05.08.2025 20:00;Päev;0,230;Tegelik
05.08.2025 20:15;Päev;0,230;Tegelik
05.08.2025 20:30;Päev;0,230;Tegelik
05.08.2025 20:45;Päev;0,229;Tegelik
05.08.2025 21:00;Päev;0,203;Tegelik
05.08.2025 21:15;Päev;0,203;Tegelik
05.08.2025 21:30;Päev;0,203;Tegelik
05.08.2025 21:45;Päev;0,203;Tegelik
05.08.2025 22:00;Öö;0,182;Tegelik
05.08.2025 22:15;Öö;0,182;Tegelik
05.08.2025 22:30;Öö;0,182;Tegelik
05.08.2025 22:45;Öö;0,181;Tegelik
05.08.2025 23:00;Öö;0,212;Tegelik
05.08.2025 23:15;Öö;0,212;Tegelik
05.08.2025 23:30;Öö;0,212;Tegelik
05.08.2025 23:45;Öö;0,210;Tegelik
06.08.2025 00:00;Öö;0,167;Tegelik
06.08.2025 00:15;Öö;0,167;Tegelik
06.08.2025 00:30;Öö;0,167;Tegelik
06.08.2025 00:45;Öö;0,168;Tegelik
06.08.2025 01:00;Öö;0,135;Tegelik
06.08.2025 01:15;Öö;0,135;Tegelik
06.08.2025 01:30;Öö;0,135;Tegelik
06.08.2025 01:45;Öö;0,136;Tegelik
06.08.2025 02:00;Öö;0,195;Tegelik
06.08.2025 02:15;Öö;0,195;Tegelik
06.08.2025 02:30;Öö;0,195;Tegelik
06.08.2025 02:45;Öö;0,196;Tegelik
06.08.2025 03:00;Öö;0,125;Tegelik
06.08.2025 03:15;Öö;0,125;Tegelik
06.08.2025 03:30;Öö;0,125;Tegelik
06.08.2025 03:45;Öö;0,125;Tegelik
06.08.2025 04:00;Öö;0,120;Tegelik
06.08.2025 04:15;Öö;0,120;Tegelik
06.08.2025 04:30;Öö;0,120;Tegelik
06.08.2025 04:45;Öö;0,122;Tegelik
06.08.2025 05:00;Öö;0,155;Tegelik
06.08.2025 05:15;Öö;0,155;Tegelik
06.08.2025 05:30;Öö;0,155;Tegelik
06.08.2025 05:45;Öö;0,156;Tegelik
06.08.2025 06:00;Öö;0,244;Tegelik
06.08.2025 06:15;Öö;0,244;Tegelik
06.08.2025 06:30;Öö;0,244;Tegelik
06.08.2025 06:45;Öö;0,245;Tegelik
06.08.2025 07:00;Päev;0,210;Tegelik
06.08.2025 07:15;Päev;0,210;Tegelik
06.08.2025 07:30;Päev;0,210;Tegelik
06.08.2025 07:45;Päev;0,211;Tegelik
06.08.2025 08:00;Päev;0,196;Tegelik
06.08.2025 08:15;Päev;0,196;Tegelik
06.08.2025 08:30;Päev;0,196;Tegelik
06.08.2025 08:45;Päev;0,197;Tegelik
06.08.2025 09:00;Tipp päev;0,224;Tegelik
06.08.2025 09:15;Tipp päev;0,224;Tegelik
06.08.2025 09:30;Tipp päev;0,224;Tegelik
06.08.2025 09:45;Tipp päev;0,223;Tegelik
06.08.2025 10:00;Tipp päev;0,235;Tegelik
06.08.2025 10:15;Tipp päev;0,235;Tegelik
06.08.2025 10:30;Tipp päev;0,235;Tegelik
06.08.2025 10:45;Tipp päev;0,236;Tegelik
06.08.2025 11:00;Tipp päev;0,563;Tegelik
06.08.2025 11:15;Tipp päev;0,563;Tegelik
06.08.2025 11:30;Tipp päev;0,563;Tegelik
06.08.2025 11:45;Tipp päev;0,562;Tegelik
06.08.2025 12:00;Päev;0,413;Tegelik
06.08.2025 12:15;Päev;0,413;Tegelik
06.08.2025 12:30;Päev;0,413;Tegelik
06.08.2025 12:45;Päev;0,413;Tegelik
06.08.2025 13:00;Päev;0,366;Tegelik
06.08.2025 13:15;Päev;0,366;Tegelik
06.08.2025 13:30;Päev;0,366;Tegelik
06.08.2025 13:45;Päev;0,366;Tegelik
06.08.2025 14:00;Päev;0,226;Tegelik
06.08.2025 14:15;Päev;0,226;Tegelik
06.08.2025 14:30;Päev;0,226;Tegelik
06.08.2025 14:45;Päev;0,224;Tegelik
06.08.2025 15:00;Päev;0,214;Tegelik
06.08.2025 15:15;Päev;0,214;Tegelik
06.08.2025 15:30;Päev;0,214;Tegelik
06.08.2025 15:45;Päev;0,213;Tegelik
06.08.2025 16:00;Tipp päev;0,248;Tegelik
06.08.2025 16:15;Tipp päev;0,248;Tegelik
06.08.2025 16:30;Tipp päev;0,248;Tegelik
06.08.2025 16:45;Tipp päev;0,250;Tegelik
06.08.2025 17:00;Tipp päev;0,271;Tegelik
06.08.2025 17:15;Tipp päev;0,271;Tegelik
06.08.2025 17:30;Tipp päev;0,271;Tegelik
06.08.2025 17:45;Tipp päev;0,270;Tegelik
06.08.2025 18:00;Tipp päev;0,310;Tegelik
06.08.2025 18:15;Tipp päev;0,310;Tegelik
06.08.2025 18:30;Tipp päev;0,310;Tegelik
06.08.2025 18:45;Tipp päev;0,311;Tegelik
06.08.2025 19:00;Tipp päev;0,228;Tegelik
06.08.2025 19:15;Tipp päev;0,228;Tegelik
06.08.2025 19:30;Tipp päev;0,228;Tegelik
06.08.2025 19:45;Tipp päev;0,228;Tegelik
06.08.2025 20:00;Päev;0,212;Tegelik
06.08.2025 20:15;Päev;0,212;Tegelik
06.08.2025 20:30;Päev;0,212;Tegelik
06.08.2025 20:45;Päev;0,213;Tegelik
06.08.2025 21:00;Päev;0,174;Tegelik
06.08.2025 21:15;Päev;0,174;Tegelik
06.08.2025 21:30;Päev;0,174;Tegelik
06.08.2025 21:45;Päev;0,175;Tegelik
06.08.2025 22:00;Öö;0,202;Tegelik
06.08.2025 22:15;Öö;0,202;Tegelik
06.08.2025 22:30;Öö;0,202;Tegelik
06.08.2025 22:45;Öö;0,201;Tegelik
06.08.2025 23:00;Öö;0,266;Tegelik
06.08.2025 23:15;Öö;0,266;Tegelik
06.08.2025 23:30;Öö;0,266;Tegelik
06.08.2025 23:45;Öö;0,268;Tegelik
07.08.2025 00:00;Öö;0,190;Tegelik
07.08.2025 00:15;Öö;0,190;Tegelik
07.08.2025 00:30;Öö;0,190;Tegelik
07.08.2025 00:45;Öö;0,191;Tegelik
07.08.2025 01:00;Öö;0,428;Tegelik
07.08.2025 01:15;Öö;0,428;Tegelik
07.08.2025 01:30;Öö;0,428;Tegelik
07.08.2025 01:45;Öö;0,428;Tegelik
07.08.2025 02:00;Öö;0,236;Tegelik
07.08.2025 02:15;Öö;0,236;Tegelik
07.08.2025 02:30;Öö;0,236;Tegelik
07.08.2025 02:45;Öö;0,235;Tegelik
07.08.2025 03:00;Öö;0,148;Tegelik
07.08.2025 03:15;Öö;0,148;Tegelik
07.08.2025 03:30;Öö;0,148;Tegelik
07.08.2025 03:45;Öö;0,150;Tegelik
07.08.2025 04:00;Öö;0,122;Tegelik
07.08.2025 04:15;Öö;0,122;Tegelik
07.08.2025 04:30;Öö;0,122;Tegelik
07.08.2025 04:45;Öö;0,122;Tegelik
07.08.2025 05:00;Öö;0,142;Tegelik
07.08.2025 05:15;Öö;0,142;Tegelik
07.08.2025 05:30;Öö;0,142;Tegelik
07.08.2025 05:45;Öö;0,143;Tegelik
07.08.2025 06:00;Öö;0,561;Tegelik
07.08.2025 06:15;Öö;0,561;Tegelik
07.08.2025 06:30;Öö;0,561;Tegelik
07.08.2025 06:45;Öö;0,562;Tegelik
07.08.2025 07:00;Päev;0,144;Tegelik
07.08.2025 07:15;Päev;0,144;Tegelik
07.08.2025 07:30;Päev;0,144;Tegelik
07.08.2025 07:45;Päev;0,144;Tegelik
07.08.2025 08:00;Päev;0,182;Tegelik
07.08.2025 08:15;Päev;0,182;Tegelik
07.08.2025 08:30;Päev;0,182;Tegelik
07.08.2025 08:45;Päev;0,180;Tegelik
07.08.2025 09:00;Tipp päev;0,200;Tegelik
07.08.2025 09:15;Tipp päev;0,200;Tegelik
07.08.2025 09:30;Tipp päev;0,200;Tegelik
07.08.2025 09:45;Tipp päev;0,201;Tegelik
07.08.2025 10:00;Tipp päev;0,229;Tegelik
07.08.2025 10:15;Tipp päev;0,229;Tegelik
07.08.2025 10:30;Tipp päev;0,229;Tegelik
07.08.2025 10:45;Tipp päev;0,229;Tegelik
07.08.2025 11:00;Tipp päev;0,197;Tegelik
07.08.2025 11:15;Tipp päev;0,197;Tegelik
07.08.2025 11:30;Tipp päev;0,197;Tegelik
07.08.2025 11:45;Tipp päev;0,197;Tegelik
07.08.2025 12:00;Päev;0,133;Tegelik
07.08.2025 12:15;Päev;0,133;Tegelik
07.08.2025 12:30;Päev;0,133;Tegelik
07.08.2025 12:45;Päev;0,133;Tegelik
07.08.2025 13:00;Päev;0,154;Tegelik
07.08.2025 13:15;Päev;0,154;Tegelik
07.08.2025 13:30;Päev;0,154;Tegelik
07.08.2025 13:45;Päev;0,154;Tegelik
07.08.2025 14:00;Päev;0,214;Tegelik
07.08.2025 14:15;Päev;0,214;Tegelik
07.08.2025 14:30;Päev;0,214;Tegelik
07.08.2025 14:45;Päev;0,213;Tegelik
07.08.2025 15:00;Päev;0,209;Tegelik
07.08.2025 15:15;Päev;0,209;Tegelik
07.08.2025 15:30;Päev;0,209;Tegelik
07.08.2025 15:45;Päev;0,210;Tegelik
07.08.2025 16:00;Tipp päev;0,196;Tegelik
07.08.2025 16:15;Tipp päev;0,196;Tegelik
07.08.2025 16:30;Tipp päev;0,196;Tegelik
07.08.2025 16:45;Tipp päev;0,198;Tegelik
07.08.2025 17:00;Tipp päev;0,252;Tegelik
07.08.2025 17:15;Tipp päev;0,252;Tegelik
07.08.2025 17:30;Tipp päev;0,252;Tegelik
07.08.2025 17:45;Tipp päev;0,253;Tegelik
07.08.2025 18:00;Tipp päev;0,303;Tegelik
07.08.2025 18:15;Tipp päev;0,303;Tegelik
07.08.2025 18:30;Tipp päev;0,303;Tegelik
07.08.2025 18:45;Tipp päev;0,303;Tegelik
07.08.2025 19:00;Tipp päev;0,262;Tegelik
07.08.2025 19:15;Tipp päev;0,262;Tegelik
07.08.2025 19:30;Tipp päev;0,262;Tegelik
07.08.2025 19:45;Tipp päev;0,262;Tegelik
07.08.2025 20:00;Päev;0,175;Tegelik
07.08.2025 20:15;Päev;0,175;Tegelik
07.08.2025 20:30;Päev;0,175;Tegelik
07.08.2025 20:45;Päev;0,175;Tegelik
07.08.2025 21:00;Päev;0,211;Tegelik
07.08.2025 21:15;Päev;0,211;Tegelik
07.08.2025 21:30;Päev;0,211;Tegelik
07.08.2025 21:45;Päev;0,212;Tegelik
07.08.2025 22:00;Öö;0,160;Tegelik
07.08.2025 22:15;Öö;0,160;Tegelik
07.08.2025 22:30;Öö;0,160;Tegelik
07.08.2025 22:45;Öö;0,160;Tegelik
07.08.2025 23:00;Öö;0,177;Tegelik
07.08.2025 23:15;Öö;0,177;Tegelik
07.08.2025 23:30;Öö;0,177;Tegelik
07.08.2025 23:45;Öö;0,177;Tegelik
08.08.2025 00:00;Öö;0,175;Tegelik
08.08.2025 00:15;Öö;0,175;Tegelik
08.08.2025 00:30;Öö;0,175;Tegelik
08.08.2025 00:45;Öö;0,174;Tegelik
08.08.2025 01:00;Öö;0,124;Tegelik
08.08.2025 01:15;Öö;0,124;Tegelik
08.08.2025 01:30;Öö;0,124;Tegelik
08.08.2025 01:45;Öö;0,125;Tegelik
08.08.2025 02:00;Öö;0,151;Tegelik
08.08.2025 02:15;Öö;0,151;Tegelik
08.08.2025 02:30;Öö;0,151;Tegelik
08.08.2025 02:45;Öö;0,151;Tegelik
08.08.2025 03:00;Öö;0,114;Tegelik
08.08.2025 03:15;Öö;0,114;Tegelik
08.08.2025 03:30;Öö;0,114;Tegelik
08.08.2025 03:45;Öö;0,114;Tegelik
08.08.2025 04:00;Öö;0,151;Tegelik
08.08.2025 04:15;Öö;0,151;Tegelik
08.08.2025 04:30;Öö;0,151;Tegelik
08.08.2025 04:45;Öö;0,151;Tegelik
08.08.2025 05:00;Öö;0,131;Tegelik
08.08.2025 05:15;Öö;0,131;Tegelik
08.08.2025 05:30;Öö;0,131;Tegelik
08.08.2025 05:45;Öö;0,132;Tegelik
08.08.2025 06:00;Öö;0,219;Tegelik
08.08.2025 06:15;Öö;0,219;Tegelik
08.08.2025 06:30;Öö;0,219;Tegelik
08.08.2025 06:45;Öö;0,220;Tegelik
08.08.2025 07:00;Päev;0,157;Tegelik
08.08.2025 07:15;Päev;0,157;Tegelik
08.08.2025 07:30;Päev;0,157;Tegelik
08.08.2025 07:45;Päev;0,156;Tegelik
08.08.2025 08:00;Päev;0,215;Tegelik
08.08.2025 08:15;Päev;0,215;Tegelik
08.08.2025 08:30;Päev;0,215;Tegelik
08.08.2025 08:45;Päev;0,216;Tegelik
08.08.2025 09:00;Tipp päev;0,192;Tegelik
08.08.2025 09:15;Tipp päev;0,192;Tegelik
08.08.2025 09:30;Tipp päev;0,192;Tegelik
08.08.2025 09:45;Tipp päev;0,192;Tegelik
08.08.2025 10:00;Tipp päev;0,212;Tegelik
08.08.2025 10:15;Tipp päev;0,212;Tegelik
08.08.2025 10:30;Tipp päev;0,212;Tegelik
08.08.2025 10:45;Tipp päev;0,214;Tegelik
08.08.2025 11:00;Tipp päev;0,199;Tegelik
08.08.2025 11:15;Tipp päev;0,199;Tegelik
08.08.2025 11:30;Tipp päev;0,199;Tegelik
08.08.2025 11:45;Tipp päev;0,199;Tegelik
08.08.2025 12:00;Päev;0,169;Tegelik
08.08.2025 12:15;Päev;0,169;Tegelik
08.08.2025 12:30;Päev;0,169;Tegelik
08.08.2025 12:45;Päev;0,170;Tegelik
08.08.2025 13:00;Päev;0,144;Tegelik
08.08.2025 13:15;Päev;0,144;Tegelik
08.08.2025 13:30;Päev;0,144;Tegelik
08.08.2025 13:45;Päev;0,142;Tegelik
08.08.2025 14:00;Päev;0,208;Tegelik
08.08.2025 14:15;Päev;0,208;Tegelik
08.08.2025 14:30;Päev;0,208;Tegelik
08.08.2025 14:45;Päev;0,210;Tegelik
08.08.2025 15:00;Päev;0,208;Tegelik
08.08.2025 15:15;Päev;0,208;Tegelik
08.08.2025 15:30;Päev;0,208;Tegelik
08.08.2025 15:45;Päev;0,209;Tegelik
08.08.2025 16:00;Tipp päev;0,232;Tegelik
08.08.2025 16:15;Tipp päev;0,232;Tegelik
08.08.2025 16:30;Tipp päev;0,232;Tegelik
08.08.2025 16:45;Tipp päev;0,230;Tegelik
08.08.2025 17:00;Tipp päev;0,220;Tegelik
08.08.2025 17:15;Tipp päev;0,220;Tegelik
08.08.2025 17:30;Tipp päev;0,220;Tegelik
08.08.2025 17:45;Tipp päev;0,221;Tegelik
08.08.2025 18:00;Tipp päev;0,372;Tegelik
08.08.2025 18:15;Tipp päev;0,372;Tegelik
08.08.2025 18:30;Tipp päev;0,372;Tegelik
08.08.2025 18:45;Tipp päev;0,371;Tegelik
08.08.2025 19:00;Tipp päev;0,308;Tegelik
08.08.2025 19:15;Tipp päev;0,308;Tegelik
08.08.2025 19:30;Tipp päev;0,308;Tegelik
08.08.2025 19:45;Tipp päev;0,309;Tegelik
08.08.2025 20:00;Päev;0,170;Tegelik
08.08.2025 20:15;Päev;0,170;Tegelik
08.08.2025 20:30;Päev;0,170;Tegelik
08.08.2025 20:45;Päev;0,168;Tegelik
08.08.2025 21:00;Päev;0,190;Tegelik
08.08.2025 21:15;Päev;0,190;Tegelik
08.08.2025 21:30;Päev;0,190;Tegelik
08.08.2025 21:45;Päev;0,189;Tegelik
08.08.2025 22:00;Öö;0,214;Tegelik
08.08.2025 22:15;Öö;0,214;Tegelik
08.08.2025 22:30;Öö;0,214;Tegelik
08.08.2025 22:45;Öö;0,212;Tegelik
08.08.2025 23:00;Öö;0,150;Tegelik
08.08.2025 23:15;Öö;0,150;Tegelik
08.08.2025 23:30;Öö;0,150;Tegelik
08.08.2025 23:45;Öö;0,149;Tegelik
09.08.2025 00:00;Öö;0,171;Tegelik
09.08.2025 00:15;Öö;0,171;Tegelik
09.08.2025 00:30;Öö;0,171;Tegelik
09.08.2025 00:45;Öö;0,172;Tegelik
09.08.2025 01:00;Öö;0,112;Tegelik
09.08.2025 01:15;Öö;0,112;Tegelik
09.08.2025 01:30;Öö;0,112;Tegelik
09.08.2025 01:45;Öö;0,112;Tegelik
09.08.2025 02:00;Öö;0,290;Tegelik
09.08.2025 02:15;Öö;0,290;Tegelik
09.08.2025 02:30;Öö;0,290;Tegelik
09.08.2025 02:45;Öö;0,292;Tegelik
09.08.2025 03:00;Öö;0,184;Tegelik
09.08.2025 03:15;Öö;0,184;Tegelik
09.08.2025 03:30;Öö;0,184;Tegelik
09.08.2025 03:45;Öö;0,183;Tegelik
09.08.2025 04:00;Öö;0,125;Tegelik
09.08.2025 04:15;Öö;0,125;Tegelik
09.08.2025 04:30;Öö;0,125;Tegelik
09.08.2025 04:45;Öö;0,126;Tegelik
09.08.2025 05:00;Öö;0,127;Tegelik
09.08.2025 05:15;Öö;0,127;Tegelik
09.08.2025 05:30;Öö;0,127;Tegelik
09.08.2025 05:45;Öö;0,126;Tegelik
09.08.2025 06:00;Öö;0,264;Tegelik
09.08.2025 06:15;Öö;0,264;Tegelik
09.08.2025 06:30;Öö;0,264;Tegelik
09.08.2025 06:45;Öö;0,265;Tegelik
09.08.2025 07:00;Öö;0,178;Tegelik
09.08.2025 07:15;Öö;0,178;Tegelik
09.08.2025 07:30;Öö;0,178;Tegelik
09.08.2025 07:45;Öö;0,179;Tegelik
09.08.2025 08:00;Öö;0,195;Tegelik
09.08.2025 08:15;Öö;0,195;Tegelik
09.08.2025 08:30;Öö;0,195;Tegelik
09.08.2025 08:45;Öö;0,195;Tegelik
09.08.2025 09:00;Öö;0,208;Tegelik
09.08.2025 09:15;Öö;0,208;Tegelik
09.08.2025 09:30;Öö;0,208;Tegelik
09.08.2025 09:45;Öö;0,206;Tegelik
09.08.2025 10:00;Öö;0,238;Tegelik
09.08.2025 10:15;Öö;0,238;Tegelik
09.08.2025 10:30;Öö;0,238;Tegelik
09.08.2025 10:45;Öö;0,236;Tegelik
09.08.2025 11:00;Öö;0,450;Tegelik
09.08.2025 11:15;Öö;0,450;Tegelik
09.08.2025 11:30;Öö;0,450;Tegelik
09.08.2025 11:45;Öö;0,450;Tegelik
09.08.2025 12:00;Öö;0,449;Tegelik
09.08.2025 12:15;Öö;0,449;Tegelik
09.08.2025 12:30;Öö;0,449;Tegelik
09.08.2025 12:45;Öö;0,450;Tegelik
09.08.2025 13:00;Öö;0,266;Tegelik
09.08.2025 13:15;Öö;0,266;Tegelik
09.08.2025 13:30;Öö;0,266;Tegelik
09.08.2025 13:45;Öö;0,267;Tegelik
09.08.2025 14:00;Öö;0,191;Tegelik
09.08.2025 14:15;Öö;0,191;Tegelik
09.08.2025 14:30;Öö;0,191;Tegelik
09.08.2025 14:45;Öö;0,190;Tegelik
09.08.2025 15:00;Öö;1,417;Tegelik
09.08.2025 15:15;Öö;1,417;Tegelik
09.08.2025 15:30;Öö;1,417;Tegelik
09.08.2025 15:45;Öö;1,417;Tegelik
09.08.2025 16:00;Tipp öö;1,110;Tegelik
09.08.2025 16:15;Tipp öö;1,110;Tegelik
09.08.2025 16:30;Tipp öö;1,110;Tegelik
09.08.2025 16:45;Tipp öö;1,110;Tegelik
09.08.2025 17:00;Tipp öö;1,019;Tegelik
09.08.2025 17:15;Tipp öö;1,019;Tegelik
09.08.2025 17:30;Tipp öö;1,019;Tegelik
09.08.2025 17:45;Tipp öö;1,020;Tegelik
09.08.2025 18:00;Tipp öö;0,477;Tegelik
09.08.2025 18:15;Tipp öö;0,477;Tegelik
09.08.2025 18:30;Tipp öö;0,477;Tegelik
09.08.2025 18:45;Tipp öö;0,478;Tegelik
09.08.2025 19:00;Tipp öö;0,289;Tegelik
09.08.2025 19:15;Tipp öö;0,289;Tegelik
09.08.2025 19:30;Tipp öö;0,289;Tegelik
09.08.2025 19:45;Tipp öö;0,290;Tegelik
09.08.2025 20:00;Öö;0,215;Tegelik
09.08.2025 20:15;Öö;0,215;Tegelik
09.08.2025 20:30;Öö;0,215;Tegelik
09.08.2025 20:45;Öö;0,215;Tegelik
09.08.2025 21:00;Öö;0,223;Tegelik
09.08.2025 21:15;Öö;0,223;Tegelik
09.08.2025 21:30;Öö;0,223;Tegelik
09.08.2025 21:45;Öö;0,224;Tegelik
09.08.2025 22:00;Öö;0,158;Tegelik
09.08.2025 22:15;Öö;0,158;Tegelik
09.08.2025 22:30;Öö;0,158;Tegelik
09.08.2025 22:45;Öö;0,158;Tegelik
09.08.2025 23:00;Öö;0,198;Tegelik
09.08.2025 23:15;Öö;0,198;Tegelik
09.08.2025 23:30;Öö;0,198;Tegelik
09.08.2025 23:45;Öö;0,198;Tegelik
10.08.2025 00:00;Öö;0,169;Tegelik
10.08.2025 00:15;Öö;0,169;Tegelik
10.08.2025 00:30;Öö;0,169;Tegelik
10.08.2025 00:45;Öö;0,169;Tegelik
10.08.2025 01:00;Öö;0,191;Tegelik
10.08.2025 01:15;Öö;0,191;Tegelik
10.08.2025 01:30;Öö;0,191;Tegelik
10.08.2025 01:45;Öö;0,191;Tegelik
10.08.2025 02:00;Öö;0,126;Tegelik
10.08.2025 02:15;Öö;0,126;Tegelik
10.08.2025 02:30;Öö;0,126;Tegelik
10.08.2025 02:45;Öö;0,127;Tegelik
10.08.2025 03:00;Öö;0,126;Tegelik
10.08.2025 03:15;Öö;0,126;Tegelik
10.08.2025 03:30;Öö;0,126;Tegelik
10.08.2025 03:45;Öö;0,127;Tegelik
10.08.2025 04:00;Öö;0,117;Tegelik
10.08.2025 04:15;Öö;0,117;Tegelik
10.08.2025 04:30;Öö;0,117;Tegelik
10.08.2025 04:45;Öö;0,116;Tegelik
10.08.2025 05:00;Öö;0,157;Tegelik
10.08.2025 05:15;Öö;0,157;Tegelik
10.08.2025 05:30;Öö;0,157;Tegelik
10.08.2025 05:45;Öö;0,156;Tegelik
10.08.2025 06:00;Öö;0,266;Tegelik
10.08.2025 06:15;Öö;0,266;Tegelik
10.08.2025 06:30;Öö;0,266;Tegelik
10.08.2025 06:45;Öö;0,267;Tegelik
10.08.2025 07:00;Öö;0,190;Tegelik
10.08.2025 07:15;Öö;0,190;Tegelik
10.08.2025 07:30;Öö;0,190;Tegelik
10.08.2025 07:45;Öö;0,191;Tegelik
10.08.2025 08:00;Öö;0,186;Tegelik
10.08.2025 08:15;Öö;0,186;Tegelik
10.08.2025 08:30;Öö;0,186;Tegelik
10.08.2025 08:45;Öö;0,184;Tegelik
10.08.2025 09:00;Öö;0,208;Tegelik
10.08.2025 09:15;Öö;0,208;Tegelik
10.08.2025 09:30;Öö;0,208;Tegelik
10.08.2025 09:45;Öö;0,206;Tegelik
10.08.2025 10:00;Öö;0,236;Tegelik
10.08.2025 10:15;Öö;0,236;Tegelik
10.08.2025 10:30;Öö;0,236;Tegelik
10.08.2025 10:45;Öö;0,237;Tegelik
10.08.2025 11:00;Öö;0,474;Tegelik
10.08.2025 11:15;Öö;0,474;Tegelik
10.08.2025 11:30;Öö;0,474;Tegelik
10.08.2025 11:45;Öö;0,472;Tegelik
10.08.2025 12:00;Öö;0,348;Tegelik
10.08.2025 12:15;Öö;0,348;Tegelik
10.08.2025 12:30;Öö;0,348;Tegelik
10.08.2025 12:45;Öö;0,349;Tegelik
10.08.2025 13:00;Öö;0,358;Tegelik
10.08.2025 13:15;Öö;0,358;Tegelik
10.08.2025 13:30;Öö;0,358;Tegelik
10.08.2025 13:45;Öö;0,358;Tegelik
10.08.2025 14:00;Öö;0,194;Tegelik
10.08.2025 14:15;Öö;0,194;Tegelik
10.08.2025 14:30;Öö;0,194;Tegelik
10.08.2025 14:45;Öö;0,196;Tegelik
10.08.2025 15:00;Öö;0,234;Tegelik
10.08.2025 15:15;Öö;0,234;Tegelik
10.08.2025 15:30;Öö;0,234;Tegelik
10.08.2025 15:45;Öö;0,235;Tegelik
10.08.2025 16:00;Tipp öö;0,279;Tegelik
10.08.2025 16:15;Tipp öö;0,279;Tegelik
10.08.2025 16:30;Tipp öö;0,279;Tegelik
10.08.2025 16:45;Tipp öö;0,278;Tegelik
10.08.2025 17:00;Tipp öö;0,227;Tegelik
10.08.2025 17:15;Tipp öö;0,227;Tegelik
10.08.2025 17:30;Tipp öö;0,227;Tegelik
10.08.2025 17:45;Tipp öö;0,227;Tegelik
10.08.2025 18:00;Tipp öö;0,348;Tegelik
10.08.2025 18:15;Tipp öö;0,348;Tegelik
10.08.2025 18:30;Tipp öö;0,348;Tegelik
10.08.2025 18:45;Tipp öö;0,349;Tegelik
10.08.2025 19:00;Tipp öö;0,248;Tegelik
10.08.2025 19:15;Tipp öö;0,248;Tegelik
10.08.2025 19:30;Tipp öö;0,248;Tegelik
10.08.2025 19:45;Tipp öö;0,247;Tegelik
10.08.2025 20:00;Öö;0,204;Tegelik
10.08.2025 20:15;Öö;0,204;Tegelik
10.08.2025 20:30;Öö;0,204;Tegelik
10.08.2025 20:45;Öö;0,205;Tegelik
10.08.2025 21:00;Öö;0,181;Tegelik
10.08.2025 21:15;Öö;0,181;Tegelik
10.08.2025 21:30;Öö;0,181;Tegelik
10.08.2025 21:45;Öö;0,182;Tegelik
10.08.2025 22:00;Öö;0,196;Tegelik
10.08.2025 22:15;Öö;0,196;Tegelik
10.08.2025 22:30;Öö;0,196;Tegelik
10.08.2025 22:45;Öö;0,195;Tegelik
10.08.2025 23:00;Öö;0,160;Tegelik
10.08.2025 23:15;Öö;0,160;Tegelik
10.08.2025 23:30;Öö;0,160;Tegelik
10.08.2025 23:45;Öö;0,160;Tegelik
11.08.2025 00:00;Öö;0,174;Tegelik
11.08.2025 00:15;Öö;0,174;Tegelik
11.08.2025 00:30;Öö;0,174;Tegelik
11.08.2025 00:45;Öö;0,175;Tegelik
11.08.2025 01:00;Öö;0,136;Tegelik
11.08.2025 01:15;Öö;0,136;Tegelik
11.08.2025 01:30;Öö;0,136;Tegelik
11.08.2025 01:45;Öö;0,134;Tegelik
11.08.2025 02:00;Öö;0,122;Tegelik
11.08.2025 02:15;Öö;0,122;Tegelik
11.08.2025 02:30;Öö;0,122;Tegelik
11.08.2025 02:45;Öö;0,123;Tegelik
11.08.2025 03:00;Öö;0,150;Tegelik
11.08.2025 03:15;Öö;0,150;Tegelik
11.08.2025 03:30;Öö;0,150;Tegelik
11.08.2025 03:45;Öö;0,149;Tegelik
11.08.2025 04:00;Öö;0,120;Tegelik
11.08.2025 04:15;Öö;0,120;Tegelik
11.08.2025 04:30;Öö;0,120;Tegelik
11.08.2025 04:45;Öö;0,120;Tegelik
11.08.2025 05:00;Öö;0,140;Tegelik
11.08.2025 05:15;Öö;0,140;Tegelik
11.08.2025 05:30;Öö;0,140;Tegelik
11.08.2025 05:45;Öö;0,140;Tegelik
11.08.2025 06:00;Öö;0,473;Tegelik
11.08.2025 06:15;Öö;0,473;Tegelik
11.08.2025 06:30;Öö;0,473;Tegelik
11.08.2025 06:45;Öö;0,472;Tegelik
11.08.2025 07:00;Päev;0,243;Tegelik
11.08.2025 07:15;Päev;0,243;Tegelik
11.08.2025 07:30;Päev;0,243;Tegelik
11.08.2025 07:45;Päev;0,242;Tegelik
11.08.2025 08:00;Päev;0,112;Tegelik
11.08.2025 08:15;Päev;0,112;Tegelik
11.08.2025 08:30;Päev;0,112;Tegelik
11.08.2025 08:45;Päev;0,110;Tegelik
11.08.2025 09:00;Tipp päev;0,122;Tegelik
11.08.2025 09:15;Tipp päev;0,122;Tegelik
11.08.2025 09:30;Tipp päev;0,122;Tegelik
11.08.2025 09:45;Tipp päev;0,124;Tegelik
11.08.2025 10:00;Tipp päev;0,106;Tegelik
11.08.2025 10:15;Tipp päev;0,106;Tegelik
11.08.2025 10:30;Tipp päev;0,106;Tegelik
11.08.2025 10:45;Tipp päev;0,105;Tegelik
11.08.2025 11:00;Tipp päev;0,142;Tegelik
11.08.2025 11:15;Tipp päev;0,142;Tegelik
11.08.2025 11:30;Tipp päev;0,142;Tegelik
11.08.2025 11:45;Tipp päev;0,140;Tegelik
11.08.2025 12:00;Päev;0,104;Tegelik
11.08.2025 12:15;Päev;0,104;Tegelik
11.08.2025 12:30;Päev;0,104;Tegelik
11.08.2025 12:45;Päev;0,106;Tegelik
11.08.2025 13:00;Päev;0,156;Tegelik
11.08.2025 13:15;Päev;0,156;Tegelik
11.08.2025 13:30;Päev;0,156;Tegelik
11.08.2025 13:45;Päev;0,155;Tegelik
11.08.2025 14:00;Päev;0,105;Tegelik
11.08.2025 14:15;Päev;0,105;Tegelik
11.08.2025 14:30;Päev;0,105;Tegelik
11.08.2025 14:45;Päev;0,104;Tegelik
11.08.2025 15:00;Päev;0,178;Tegelik
11.08.2025 15:15;Päev;0,178;Tegelik
11.08.2025 15:30;Päev;0,178;Tegelik
11.08.2025 15:45;Päev;0,178;Tegelik
11.08.2025 16:00;Tipp päev;0,172;Tegelik
11.08.2025 16:15;Tipp päev;0,172;Tegelik
11.08.2025 16:30;Tipp päev;0,172;Tegelik
11.08.2025 16:45;Tipp päev;0,171;Tegelik
11.08.2025 17:00;Tipp päev;0,358;Tegelik
11.08.2025 17:15;Tipp päev;0,358;Tegelik
11.08.2025 17:30;Tipp päev;0,358;Tegelik
11.08.2025 17:45;Tipp päev;0,360;Tegelik
11.08.2025 18:00;Tipp päev;0,322;Tegelik
11.08.2025 18:15;Tipp päev;0,322;Tegelik
11.08.2025 18:30;Tipp päev;0,322;Tegelik
11.08.2025 18:45;Tipp päev;0,322;Tegelik
11.08.2025 19:00;Tipp päev;0,277;Tegelik
11.08.2025 19:15;Tipp päev;0,277;Tegelik
11.08.2025 19:30;Tipp päev;0,277;Tegelik
11.08.2025 19:45;Tipp päev;0,276;Tegelik
11.08.2025 20:00;Päev;0,232;Tegelik
11.08.2025 20:15;Päev;0,232;Tegelik
11.08.2025 20:30;Päev;0,232;Tegelik
11.08.2025 20:45;Päev;0,232;Tegelik
11.08.2025 21:00;Päev;0,260;Tegelik
11.08.2025 21:15;Päev;0,260;Tegelik
11.08.2025 21:30;Päev;0,260;Tegelik
11.08.2025 21:45;Päev;0,259;Tegelik
11.08.2025 22:00;Öö;0,200;Tegelik
11.08.2025 22:15;Öö;0,200;Tegelik
11.08.2025 22:30;Öö;0,200;Tegelik
11.08.2025 22:45;Öö;0,202;Tegelik
11.08.2025 23:00;Öö;0,161;Tegelik
11.08.2025 23:15;Öö;0,161;Tegelik
11.08.2025 23:30;Öö;0,161;Tegelik
11.08.2025 23:45;Öö;0,160;Tegelik
12.08.2025 00:00;Öö;0,155;Tegelik
12.08.2025 00:15;Öö;0,155;Tegelik
12.08.2025 00:30;Öö;0,155;Tegelik
12.08.2025 00:45;Öö;0,154;Tegelik
12.08.2025 01:00;Öö;0,178;Tegelik
12.08.2025 01:15;Öö;0,178;Tegelik
12.08.2025 01:30;Öö;0,178;Tegelik
12.08.2025 01:45;Öö;0,179;Tegelik
12.08.2025 02:00;Öö;0,164;Tegelik
12.08.2025 02:15;Öö;0,164;Tegelik
12.08.2025 02:30;Öö;0,164;Tegelik
12.08.2025 02:45;Öö;0,166;Tegelik
12.08.2025 03:00;Öö;0,226;Tegelik
12.08.2025 03:15;Öö;0,226;Tegelik
12.08.2025 03:30;Öö;0,226;Tegelik
12.08.2025 03:45;Öö;0,225;Tegelik
12.08.2025 04:00;Öö;0,300;Tegelik
12.08.2025 04:15;Öö;0,300;Tegelik
12.08.2025 04:30;Öö;0,300;Tegelik
12.08.2025 04:45;Öö;0,302;Tegelik
12.08.2025 05:00;Öö;0,161;Tegelik
12.08.2025 05:15;Öö;0,161;Tegelik
12.08.2025 05:30;Öö;0,161;Tegelik
12.08.2025 05:45;Öö;0,162;Tegelik
12.08.2025 06:00;Öö;0,523;Tegelik
12.08.2025 06:15;Öö;0,523;Tegelik
12.08.2025 06:30;Öö;0,523;Tegelik
12.08.2025 06:45;Öö;0,523;Tegelik
12.08.2025 07:00;Päev;0,272;Tegelik
12.08.2025 07:15;Päev;0,272;Tegelik
12.08.2025 07:30;Päev;0,272;Tegelik
12.08.2025 07:45;Päev;0,274;Tegelik
12.08.2025 08:00;Päev;0,110;Tegelik
12.08.2025 08:15;Päev;0,110;Tegelik
12.08.2025 08:30;Päev;0,110;Tegelik
12.08.2025 08:45;Päev;0,109;Tegelik
12.08.2025 09:00;Tipp päev;0,108;Tegelik
12.08.2025 09:15;Tipp päev;0,108;Tegelik
12.08.2025 09:30;Tipp päev;0,108;Tegelik
12.08.2025 09:45;Tipp päev;0,106;Tegelik
12.08.2025 10:00;Tipp päev;0,134;Tegelik
12.08.2025 10:15;Tipp päev;0,134;Tegelik
12.08.2025 10:30;Tipp päev;0,134;Tegelik
12.08.2025 10:45;Tipp päev;0,135;Tegelik
12.08.2025 11:00;Tipp päev;0,107;Tegelik
12.08.2025 11:15;Tipp päev;0,107;Tegelik
12.08.2025 11:30;Tipp päev;0,107;Tegelik
12.08.2025 11:45;Tipp päev;0,107;Tegelik
12.08.2025 12:00;Päev;0,109;Tegelik
12.08.2025 12:15;Päev;0,109;Tegelik
12.08.2025 12:30;Päev;0,109;Tegelik
12.08.2025 12:45;Päev;0,109;Tegelik
12.08.2025 13:00;Päev;0,132;Tegelik
12.08.2025 13:15;Päev;0,132;Tegelik
12.08.2025 13:30;Päev;0,132;Tegelik
12.08.2025 13:45;Päev;0,133;Tegelik
12.08.2025 14:00;Päev;0,106;Tegelik
12.08.2025 14:15;Päev;0,106;Tegelik
12.08.2025 14:30;Päev;0,106;Tegelik
12.08.2025 14:45;Päev;0,106;Tegelik
12.08.2025 15:00;Päev;0,134;Tegelik
12.08.2025 15:15;Päev;0,134;Tegelik
12.08.2025 15:30;Päev;0,134;Tegelik
12.08.2025 15:45;Päev;0,135;Tegelik
12.08.2025 16:00;Tipp päev;0,161;Tegelik
12.08.2025 16:15;Tipp päev;0,161;Tegelik
12.08.2025 16:30;Tipp päev;0,161;Tegelik
12.08.2025 16:45;Tipp päev;0,161;Tegelik
12.08.2025 17:00;Tipp päev;0,215;Tegelik
12.08.2025 17:15;Tipp päev;0,215;Tegelik
12.08.2025 17:30;Tipp päev;0,215;Tegelik
12.08.2025 17:45;Tipp päev;0,215;Tegelik
12.08.2025 18:00;Tipp päev;0,254;Tegelik
12.08.2025 18:15;Tipp päev;0,254;Tegelik
12.08.2025 18:30;Tipp päev;0,254;Tegelik
12.08.2025 18:45;Tipp päev;0,254;Tegelik
12.08.2025 19:00;Tipp päev;0,251;Tegelik
12.08.2025 19:15;Tipp päev;0,251;Tegelik
12.08.2025 19:30;Tipp päev;0,251;Tegelik
12.08.2025 19:45;Tipp päev;0,252;Tegelik
12.08.2025 20:00;Päev;0,220;Tegelik
12.08.2025 20:15;Päev;0,220;Tegelik
12.08.2025 20:30;Päev;0,220;Tegelik
12.08.2025 20:45;Päev;0,219;Tegelik
12.08.2025 21:00;Päev;0,233;Tegelik
12.08.2025 21:15;Päev;0,233;Tegelik
12.08.2025 21:30;Päev;0,233;Tegelik
12.08.2025 21:45;Päev;0,232;Tegelik
12.08.2025 22:00;Öö;0,141;Tegelik
12.08.2025 22:15;Öö;0,141;Tegelik
12.08.2025 22:30;Öö;0,141;Tegelik
12.08.2025 22:45;Öö;0,142;Tegelik
12.08.2025 23:00;Öö;0,113;Tegelik
12.08.2025 23:15;Öö;0,113;Tegelik
12.08.2025 23:30;Öö;0,113;Tegelik
12.08.2025 23:45;Öö;0,112;Tegelik
13.08.2025 00:00;Öö;0,130;Tegelik
13.08.2025 00:15;Öö;0,130;Tegelik
13.08.2025 00:30;Öö;0,130;Tegelik
13.08.2025 00:45;Öö;0,132;Tegelik
13.08.2025 01:00;Öö;0,120;Tegelik
13.08.2025 01:15;Öö;0,120;Tegelik
13.08.2025 01:30;Öö;0,120;Tegelik
13.08.2025 01:45;Öö;0,121;Tegelik
13.08.2025 02:00;Öö;0,133;Tegelik
13.08.2025 02:15;Öö;0,133;Tegelik
13.08.2025 02:30;Öö;0,133;Tegelik
13.08.2025 02:45;Öö;0,134;Tegelik
13.08.2025 03:00;Öö;0,118;Tegelik
13.08.2025 03:15;Öö;0,118;Tegelik
13.08.2025 03:30;Öö;0,118;Tegelik
13.08.2025 03:45;Öö;0,120;Tegelik
13.08.2025 04:00;Öö;0,126;Tegelik
13.08.2025 04:15;Öö;0,126;Tegelik
13.08.2025 04:30;Öö;0,126;Tegelik
13.08.2025 04:45;Öö;0,125;Tegelik
13.08.2025 05:00;Öö;0,149;Tegelik
13.08.2025 05:15;Öö;0,149;Tegelik
13.08.2025 05:30;Öö;0,149;Tegelik
13.08.2025 05:45;Öö;0,148;Tegelik
13.08.2025 06:00;Öö;0,664;Tegelik
13.08.2025 06:15;Öö;0,664;Tegelik
13.08.2025 06:30;Öö;0,664;Tegelik
13.08.2025 06:45;Öö;0,662;Tegelik
13.08.2025 07:00;Päev;0,280;Tegelik
13.08.2025 07:15;Päev;0,280;Tegelik
13.08.2025 07:30;Päev;0,280;Tegelik
13.08.2025 07:45;Päev;0,278;Tegelik
13.08.2025 08:00;Päev;0,101;Tegelik
13.08.2025 08:15;Päev;0,101;Tegelik
13.08.2025 08:30;Päev;0,101;Tegelik
13.08.2025 08:45;Päev;0,102;Tegelik
13.08.2025 09:00;Tipp päev;0,142;Tegelik
13.08.2025 09:15;Tipp päev;0,142;Tegelik
13.08.2025 09:30;Tipp päev;0,142;Tegelik
13.08.2025 09:45;Tipp päev;0,143;Tegelik
13.08.2025 10:00;Tipp päev;0,103;Tegelik
13.08.2025 10:15;Tipp päev;0,103;Tegelik
13.08.2025 10:30;Tipp päev;0,103;Tegelik
13.08.2025 10:45;Tipp päev;0,103;Tegelik
13.08.2025 11:00;Tipp päev;0,136;Tegelik
13.08.2025 11:15;Tipp päev;0,136;Tegelik
13.08.2025 11:30;Tipp päev;0,136;Tegelik
13.08.2025 11:45;Tipp päev;0,136;Tegelik
13.08.2025 12:00;Päev;0,108;Tegelik
13.08.2025 12:15;Päev;0,108;Tegelik
13.08.2025 12:30;Päev;0,108;Tegelik
13.08.2025 12:45;Päev;0,108;Tegelik
13.08.2025 13:00;Päev;0,104;Tegelik
13.08.2025 13:15;Päev;0,104;Tegelik
13.08.2025 13:30;Päev;0,104;Tegelik
13.08.2025 13:45;Päev;0,103;Tegelik
13.08.2025 14:00;Päev;0,138;Tegelik
13.08.2025 14:15;Päev;0,138;Tegelik
13.08.2025 14:30;Päev;0,138;Tegelik
13.08.2025 14:45;Päev;0,140;Tegelik
13.08.2025 15:00;Päev;0,090;Tegelik
13.08.2025 15:15;Päev;0,090;Tegelik
13.08.2025 15:30;Päev;0,090;Tegelik
13.08.2025 15:45;Päev;0,092;Tegelik
13.08.2025 16:00;Tipp päev;0,139;Tegelik
13.08.2025 16:15;Tipp päev;0,139;Tegelik
13.08.2025 16:30;Tipp päev;0,139;Tegelik
13.08.2025 16:45;Tipp päev;0,140;Tegelik
13.08.2025 17:00;Tipp päev;0,118;Tegelik
13.08.2025 17:15;Tipp päev;0,118;Tegelik
13.08.2025 17:30;Tipp päev;0,118;Tegelik
13.08.2025 17:45;Tipp päev;0,120;Tegelik
13.08.2025 18:00;Tipp päev;0,254;Tegelik
13.08.2025 18:15;Tipp päev;0,254;Tegelik
13.08.2025 18:30;Tipp päev;0,254;Tegelik
13.08.2025 18:45;Tipp päev;0,255;Tegelik
13.08.2025 19:00;Tipp päev;0,257;Tegelik
13.08.2025 19:15;Tipp päev;0,257;Tegelik
13.08.2025 19:30;Tipp päev;0,257;Tegelik
13.08.2025 19:45;Tipp päev;0,256;Tegelik
13.08.2025 20:00;Päev;0,180;Tegelik
13.08.2025 20:15;Päev;0,180;Tegelik
13.08.2025 20:30;Päev;0,180;Tegelik
13.08.2025 20:45;Päev;0,181;Tegelik
13.08.2025 21:00;Päev;0,186;Tegelik
13.08.2025 21:15;Päev;0,186;Tegelik
13.08.2025 21:30;Päev;0,186;Tegelik
13.08.2025 21:45;Päev;0,185;Tegelik
13.08.2025 22:00;Öö;0,146;Tegelik
13.08.2025 22:15;Öö;0,146;Tegelik
13.08.2025 22:30;Öö;0,146;Tegelik
13.08.2025 22:45;Öö;0,146;Tegelik
13.08.2025 23:00;Öö;0,167;Tegelik
13.08.2025 23:15;Öö;0,167;Tegelik
13.08.2025 23:30;Öö;0,167;Tegelik
13.08.2025 23:45;Öö;0,167;Tegelik
14.08.2025 00:00;Öö;0,157;Tegelik
14.08.2025 00:15;Öö;0,157;Tegelik
14.08.2025 00:30;Öö;0,157;Tegelik
14.08.2025 00:45;Öö;0,157;Tegelik
14.08.2025 01:00;Öö;0,117;Tegelik
14.08.2025 01:15;Öö;0,117;Tegelik
14.08.2025 01:30;Öö;0,117;Tegelik
14.08.2025 01:45;Öö;0,116;Tegelik
14.08.2025 02:00;Öö;0,145;Tegelik
14.08.2025 02:15;Öö;0,145;Tegelik
14.08.2025 02:30;Öö;0,145;Tegelik
14.08.2025 02:45;Öö;0,146;Tegelik
14.08.2025 03:00;Öö;0,106;Tegelik
14.08.2025 03:15;Öö;0,106;Tegelik
14.08.2025 03:30;Öö;0,106;Tegelik
14.08.2025 03:45;Öö;0,106;Tegelik
14.08.2025 04:00;Öö;0,135;Tegelik
14.08.2025 04:15;Öö;0,135;Tegelik
14.08.2025 04:30;Öö;0,135;Tegelik
14.08.2025 04:45;Öö;0,135;Tegelik
14.08.2025 05:00;Öö;0,211;Tegelik
14.08.2025 05:15;Öö;0,211;Tegelik
14.08.2025 05:30;Öö;0,211;Tegelik
14.08.2025 05:45;Öö;0,211;Tegelik
14.08.2025 06:00;Öö;0,583;Tegelik
14.08.2025 06:15;Öö;0,583;Tegelik
14.08.2025 06:30;Öö;0,583;Tegelik
14.08.2025 06:45;Öö;0,583;Tegelik
14.08.2025 07:00;Päev;0,296;Tegelik
14.08.2025 07:15;Päev;0,296;Tegelik
14.08.2025 07:30;Päev;0,296;Tegelik
14.08.2025 07:45;Päev;0,294;Tegelik
14.08.2025 08:00;Päev;0,116;Tegelik
14.08.2025 08:15;Päev;0,116;Tegelik
14.08.2025 08:30;Päev;0,116;Tegelik
14.08.2025 08:45;Päev;0,118;Tegelik
14.08.2025 09:00;Tipp päev;0,136;Tegelik
14.08.2025 09:15;Tipp päev;0,136;Tegelik
14.08.2025 09:30;Tipp päev;0,136;Tegelik
14.08.2025 09:45;Tipp päev;0,135;Tegelik
14.08.2025 10:00;Tipp päev;0,108;Tegelik
14.08.2025 10:15;Tipp päev;0,108;Tegelik
14.08.2025 10:30;Tipp päev;0,108;Tegelik
14.08.2025 10:45;Tipp päev;0,108;Tegelik
14.08.2025 11:00;Tipp päev;0,141;Tegelik
14.08.2025 11:15;Tipp päev;0,141;Tegelik
14.08.2025 11:30;Tipp päev;0,141;Tegelik
14.08.2025 11:45;Tipp päev;0,141;Tegelik
14.08.2025 12:00;Päev;0,205;Tegelik
14.08.2025 12:15;Päev;0,205;Tegelik
14.08.2025 12:30;Päev;0,205;Tegelik
14.08.2025 12:45;Päev;0,204;Tegelik
14.08.2025 13:00;Päev;0,132;Tegelik
14.08.2025 13:15;Päev;0,132;Tegelik
14.08.2025 13:30;Päev;0,132;Tegelik
14.08.2025 13:45;Päev;0,133;Tegelik
14.08.2025 14:00;Päev;0,325;Tegelik
14.08.2025 14:15;Päev;0,325;Tegelik
14.08.2025 14:30;Päev;0,325;Tegelik
14.08.2025 14:45;Päev;0,326;Tegelik
14.08.2025 15:00;Päev;0,106;Tegelik
14.08.2025 15:15;Päev;0,106;Tegelik
14.08.2025 15:30;Päev;0,106;Tegelik
14.08.2025 15:45;Päev;0,105;Tegelik
14.08.2025 16:00;Tipp päev;0,130;Tegelik
14.08.2025 16:15;Tipp päev;0,130;Tegelik
14.08.2025 16:30;Tipp päev;0,130;Tegelik
14.08.2025 16:45;Tipp päev;0,130;Tegelik
14.08.2025 17:00;Tipp päev;0,196;Tegelik
14.08.2025 17:15;Tipp päev;0,196;Tegelik
14.08.2025 17:30;Tipp päev;0,196;Tegelik
14.08.2025 17:45;Tipp päev;0,198;Tegelik
14.08.2025 18:00;Tipp päev;0,287;Tegelik
14.08.2025 18:15;Tipp päev;0,287;Tegelik
14.08.2025 18:30;Tipp päev;0,287;Tegelik
14.08.2025 18:45;Tipp päev;0,287;Tegelik
14.08.2025 19:00;Tipp päev;0,266;Tegelik
14.08.2025 19:15;Tipp päev;0,266;Tegelik
14.08.2025 19:30;Tipp päev;0,266;Tegelik
14.08.2025 19:45;Tipp päev;0,265;Tegelik
14.08.2025 20:00;Päev;0,176;Tegelik
14.08.2025 20:15;Päev;0,176;Tegelik
14.08.2025 20:30;Päev;0,176;Tegelik
14.08.2025 20:45;Päev;0,178;Tegelik
14.08.2025 21:00;Päev;0,212;Tegelik
14.08.2025 21:15;Päev;0,212;Tegelik
14.08.2025 21:30;Päev;0,212;Tegelik
14.08.2025 21:45;Päev;0,211;Tegelik
14.08.2025 22:00;Öö;0,145;Tegelik
14.08.2025 22:15;Öö;0,145;Tegelik
14.08.2025 22:30;Öö;0,145;Tegelik
14.08.2025 22:45;Öö;0,145;Tegelik
14.08.2025 23:00;Öö;0,140;Tegelik
14.08.2025 23:15;Öö;0,140;Tegelik
14.08.2025 23:30;Öö;0,140;Tegelik
14.08.2025 23:45;Öö;0,138;Tegelik
15.08.2025 00:00;Öö;0,159;Tegelik
15.08.2025 00:15;Öö;0,159;Tegelik
15.08.2025 00:30;Öö;0,159;Tegelik
15.08.2025 00:45;Öö;0,158;Tegelik
15.08.2025 01:00;Öö;0,132;Tegelik
15.08.2025 01:15;Öö;0,132;Tegelik
15.08.2025 01:30;Öö;0,132;Tegelik
15.08.2025 01:45;Öö;0,134;Tegelik
15.08.2025 02:00;Öö;0,250;Tegelik
15.08.2025 02:15;Öö;0,250;Tegelik
15.08.2025 02:30;Öö;0,250;Tegelik
15.08.2025 02:45;Öö;0,248;Tegelik
15.08.2025 03:00;Öö;0,202;Tegelik
15.08.2025 03:15;Öö;0,202;Tegelik
15.08.2025 03:30;Öö;0,202;Tegelik
15.08.2025 03:45;Öö;0,200;Tegelik
15.08.2025 04:00;Öö;0,130;Tegelik
15.08.2025 04:15;Öö;0,130;Tegelik
15.08.2025 04:30;Öö;0,130;Tegelik
15.08.2025 04:45;Öö;0,128;Tegelik
15.08.2025 05:00;Öö;0,242;Tegelik
15.08.2025 05:15;Öö;0,242;Tegelik
15.08.2025 05:30;Öö;0,242;Tegelik
15.08.2025 05:45;Öö;0,241;Tegelik
15.08.2025 06:00;Öö;0,184;Tegelik
15.08.2025 06:15;Öö;0,184;Tegelik
15.08.2025 06:30;Öö;0,184;Tegelik
15.08.2025 06:45;Öö;0,182;Tegelik
15.08.2025 07:00;Päev;0,207;Tegelik
15.08.2025 07:15;Päev;0,207;Tegelik
15.08.2025 07:30;Päev;0,207;Tegelik
15.08.2025 07:45;Päev;0,208;Tegelik
15.08.2025 08:00;Päev;0,126;Tegelik
15.08.2025 08:15;Päev;0,126;Tegelik
15.08.2025 08:30;Päev;0,126;Tegelik
15.08.2025 08:45;Päev;0,128;Tegelik
15.08.2025 09:00;Tipp päev;0,120;Tegelik
15.08.2025 09:15;Tipp päev;0,120;Tegelik
15.08.2025 09:30;Tipp päev;0,120;Tegelik
15.08.2025 09:45;Tipp päev;0,118;Tegelik
15.08.2025 10:00;Tipp päev;0,150;Tegelik
15.08.2025 10:15;Tipp päev;0,150;Tegelik
15.08.2025 10:30;Tipp päev;0,150;Tegelik
15.08.2025 10:45;Tipp päev;0,149;Tegelik
15.08.2025 11:00;Tipp päev;0,117;Tegelik
15.08.2025 11:15;Tipp päev;0,117;Tegelik
15.08.2025 11:30;Tipp päev;0,117;Tegelik
15.08.2025 11:45;Tipp päev;0,117;Tegelik
15.08.2025 12:00;Päev;0,114;Tegelik
15.08.2025 12:15;Päev;0,114;Tegelik
15.08.2025 12:30;Päev;0,114;Tegelik
15.08.2025 12:45;Päev;0,115;Tegelik
15.08.2025 13:00;Päev;0,138;Tegelik
15.08.2025 13:15;Päev;0,138;Tegelik
15.08.2025 13:30;Päev;0,138;Tegelik
15.08.2025 13:45;Päev;0,137;Tegelik
15.08.2025 14:00;Päev;0,172;Tegelik
15.08.2025 14:15;Päev;0,172;Tegelik
15.08.2025 14:30;Päev;0,172;Tegelik
15.08.2025 14:45;Päev;0,172;Tegelik
15.08.2025 15:00;Päev;0,195;Tegelik
15.08.2025 15:15;Päev;0,195;Tegelik
15.08.2025 15:30;Päev;0,195;Tegelik
15.08.2025 15:45;Päev;0,194;Tegelik
15.08.2025 16:00;Tipp päev;0,220;Tegelik
15.08.2025 16:15;Tipp päev;0,220;Tegelik
15.08.2025 16:30;Tipp päev;0,220;Tegelik
15.08.2025 16:45;Tipp päev;0,218;Tegelik
15.08.2025 17:00;Tipp päev;0,183;Tegelik
15.08.2025 17:15;Tipp päev;0,183;Tegelik
15.08.2025 17:30;Tipp päev;0,183;Tegelik
15.08.2025 17:45;Tipp päev;0,183;Tegelik
15.08.2025 18:00;Tipp päev;0,249;Tegelik
15.08.2025 18:15;Tipp päev;0,249;Tegelik
15.08.2025 18:30;Tipp päev;0,249;Tegelik
15.08.2025 18:45;Tipp päev;0,249;Tegelik
15.08.2025 19:00;Tipp päev;0,207;Tegelik
15.08.2025 19:15;Tipp päev;0,207;Tegelik
15.08.2025 19:30;Tipp päev;0,207;Tegelik
15.08.2025 19:45;Tipp päev;0,206;Tegelik
15.08.2025 20:00;Päev;0,206;Tegelik
15.08.2025 20:15;Päev;0,206;Tegelik
15.08.2025 20:30;Päev;0,206;Tegelik
15.08.2025 20:45;Päev;0,207;Tegelik
15.08.2025 21:00;Päev;0,167;Tegelik
15.08.2025 21:15;Päev;0,167;Tegelik
15.08.2025 21:30;Päev;0,167;Tegelik
15.08.2025 21:45;Päev;0,167;Tegelik
15.08.2025 22:00;Öö;0,196;Tegelik
15.08.2025 22:15;Öö;0,196;Tegelik
15.08.2025 22:30;Öö;0,196;Tegelik
15.08.2025 22:45;Öö;0,195;Tegelik
15.08.2025 23:00;Öö;0,163;Tegelik
15.08.2025 23:15;Öö;0,163;Tegelik
15.08.2025 23:30;Öö;0,163;Tegelik
15.08.2025 23:45;Öö;0,162;Tegelik
16.08.2025 00:00;Öö;0,204;Tegelik
16.08.2025 00:15;Öö;0,204;Tegelik
16.08.2025 00:30;Öö;0,204;Tegelik
16.08.2025 00:45;Öö;0,205;Tegelik
16.08.2025 01:00;Öö;0,135;Tegelik
16.08.2025 01:15;Öö;0,135;Tegelik
16.08.2025 01:30;Öö;0,135;Tegelik
16.08.2025 01:45;Öö;0,136;Tegelik
16.08.2025 02:00;Öö;0,138;Tegelik
16.08.2025 02:15;Öö;0,138;Tegelik
16.08.2025 02:30;Öö;0,138;Tegelik
16.08.2025 02:45;Öö;0,138;Tegelik
16.08.2025 03:00;Öö;0,172;Tegelik
16.08.2025 03:15;Öö;0,172;Tegelik
16.08.2025 03:30;Öö;0,172;Tegelik
16.08.2025 03:45;Öö;0,173;Tegelik
16.08.2025 04:00;Öö;0,167;Tegelik
16.08.2025 04:15;Öö;0,167;Tegelik
16.08.2025 04:30;Öö;0,167;Tegelik
16.08.2025 04:45;Öö;0,168;Tegelik
16.08.2025 05:00;Öö;0,138;Tegelik
16.08.2025 05:15;Öö;0,138;Tegelik
16.08.2025 05:30;Öö;0,138;Tegelik
16.08.2025 05:45;Öö;0,138;Tegelik
16.08.2025 06:00;Öö;0,146;Tegelik
16.08.2025 06:15;Öö;0,146;Tegelik
16.08.2025 06:30;Öö;0,146;Tegelik
16.08.2025 06:45;Öö;0,144;Tegelik
16.08.2025 07:00;Öö;0,198;Tegelik
16.08.2025 07:15;Öö;0,198;Tegelik
16.08.2025 07:30;Öö;0,198;Tegelik
16.08.2025 07:45;Öö;0,199;Tegelik
16.08.2025 08:00;Öö;0,142;Tegelik
16.08.2025 08:15;Öö;0,142;Tegelik
16.08.2025 08:30;Öö;0,142;Tegelik
16.08.2025 08:45;Öö;0,144;Tegelik
16.08.2025 09:00;Öö;0,227;Tegelik
16.08.2025 09:15;Öö;0,227;Tegelik
16.08.2025 09:30;Öö;0,227;Tegelik
16.08.2025 09:45;Öö;0,226;Tegelik
16.08.2025 10:00;Öö;0,260;Tegelik
16.08.2025 10:15;Öö;0,260;Tegelik
16.08.2025 10:30;Öö;0,260;Tegelik
16.08.2025 10:45;Öö;0,259;Tegelik
16.08.2025 11:00;Öö;0,458;Tegelik
16.08.2025 11:15;Öö;0,458;Tegelik
16.08.2025 11:30;Öö;0,458;Tegelik
16.08.2025 11:45;Öö;0,458;Tegelik
16.08.2025 12:00;Öö;0,367;Tegelik
16.08.2025 12:15;Öö;0,367;Tegelik
16.08.2025 12:30;Öö;0,367;Tegelik
16.08.2025 12:45;Öö;0,366;Tegelik
16.08.2025 13:00;Öö;0,318;Tegelik
16.08.2025 13:15;Öö;0,318;Tegelik
16.08.2025 13:30;Öö;0,318;Tegelik
16.08.2025 13:45;Öö;0,318;Tegelik
16.08.2025 14:00;Öö;0,198;Tegelik
16.08.2025 14:15;Öö;0,198;Tegelik
16.08.2025 14:30;Öö;0,198;Tegelik
16.08.2025 14:45;Öö;0,198;Tegelik
16.08.2025 15:00;Öö;1,338;Tegelik
16.08.2025 15:15;Öö;1,338;Tegelik
16.08.2025 15:30;Öö;1,338;Tegelik
16.08.2025 15:45;Öö;1,339;Tegelik
16.08.2025 16:00;Tipp öö;1,044;Tegelik
16.08.2025 16:15;Tipp öö;1,044;Tegelik
16.08.2025 16:30;Tipp öö;1,044;Tegelik
16.08.2025 16:45;Tipp öö;1,042;Tegelik
16.08.2025 17:00;Tipp öö;1,128;Tegelik
16.08.2025 17:15;Tipp öö;1,128;Tegelik
16.08.2025 17:30;Tipp öö;1,128;Tegelik
16.08.2025 17:45;Tipp öö;1,126;Tegelik
16.08.2025 18:00;Tipp öö;0,390;Tegelik
16.08.2025 18:15;Tipp öö;0,390;Tegelik
16.08.2025 18:30;Tipp öö;0,390;Tegelik
16.08.2025 18:45;Tipp öö;0,392;Tegelik
16.08.2025 19:00;Tipp öö;0,244;Tegelik
16.08.2025 19:15;Tipp öö;0,244;Tegelik
16.08.2025 19:30;Tipp öö;0,244;Tegelik
16.08.2025 19:45;Tipp öö;0,245;Tegelik
16.08.2025 20:00;Öö;0,186;Tegelik
16.08.2025 20:15;Öö;0,186;Tegelik
16.08.2025 20:30;Öö;0,186;Tegelik
16.08.2025 20:45;Öö;0,188;Tegelik
16.08.2025 21:00;Öö;0,177;Tegelik
16.08.2025 21:15;Öö;0,177;Tegelik
16.08.2025 21:30;Öö;0,177;Tegelik
16.08.2025 21:45;Öö;0,178;Tegelik
16.08.2025 22:00;Öö;0,295;Tegelik
16.08.2025 22:15;Öö;0,295;Tegelik
16.08.2025 22:30;Öö;0,295;Tegelik
16.08.2025 22:45;Öö;0,294;Tegelik
16.08.2025 23:00;Öö;0,155;Tegelik
16.08.2025 23:15;Öö;0,155;Tegelik
16.08.2025 23:30;Öö;0,155;Tegelik
16.08.2025 23:45;Öö;0,155;Tegelik
17.08.2025 00:00;Öö;0,147;Tegelik
17.08.2025 00:15;Öö;0,147;Tegelik
17.08.2025 00:30;Öö;0,147;Tegelik
17.08.2025 00:45;Öö;0,146;Tegelik
17.08.2025 01:00;Öö;0,196;Tegelik
17.08.2025 01:15;Öö;0,196;Tegelik
17.08.2025 01:30;Öö;0,196;Tegelik
17.08.2025 01:45;Öö;0,195;Tegelik
17.08.2025 02:00;Öö;0,154;Tegelik
17.08.2025 02:15;Öö;0,154;Tegelik
17.08.2025 02:30;Öö;0,154;Tegelik
17.08.2025 02:45;Öö;0,153;Tegelik
17.08.2025 03:00;Öö;0,151;Tegelik
17.08.2025 03:15;Öö;0,151;Tegelik
17.08.2025 03:30;Öö;0,151;Tegelik
17.08.2025 03:45;Öö;0,152;Tegelik
17.08.2025 04:00;Öö;0,113;Tegelik
17.08.2025 04:15;Öö;0,113;Tegelik
17.08.2025 04:30;Öö;0,113;Tegelik
17.08.2025 04:45;Öö;0,114;Tegelik
17.08.2025 05:00;Öö;0,132;Tegelik
17.08.2025 05:15;Öö;0,132;Tegelik
17.08.2025 05:30;Öö;0,132;Tegelik
17.08.2025 05:45;Öö;0,130;Tegelik
17.08.2025 06:00;Öö;0,142;Tegelik
17.08.2025 06:15;Öö;0,142;Tegelik
17.08.2025 06:30;Öö;0,142;Tegelik
17.08.2025 06:45;Öö;0,140;Tegelik
17.08.2025 07:00;Öö;0,209;Tegelik
17.08.2025 07:15;Öö;0,209;Tegelik
17.08.2025 07:30;Öö;0,209;Tegelik
17.08.2025 07:45;Öö;0,210;Tegelik
17.08.2025 08:00;Öö;0,225;Tegelik
17.08.2025 08:15;Öö;0,225;Tegelik
17.08.2025 08:30;Öö;0,225;Tegelik
17.08.2025 08:45;Öö;0,225;Tegelik
17.08.2025 09:00;Öö;0,294;Tegelik
17.08.2025 09:15;Öö;0,294;Tegelik
17.08.2025 09:30;Öö;0,294;Tegelik
17.08.2025 09:45;Öö;0,293;Tegelik
17.08.2025 10:00;Öö;0,294;Tegelik
17.08.2025 10:15;Öö;0,294;Tegelik
17.08.2025 10:30;Öö;0,294;Tegelik
17.08.2025 10:45;Öö;0,292;Tegelik
17.08.2025 11:00;Öö;0,473;Tegelik
17.08.2025 11:15;Öö;0,473;Tegelik
17.08.2025 11:30;Öö;0,473;Tegelik
17.08.2025 11:45;Öö;0,472;Tegelik
17.08.2025 12:00;Öö;0,359;Tegelik
17.08.2025 12:15;Öö;0,359;Tegelik
17.08.2025 12:30;Öö;0,359;Tegelik
17.08.2025 12:45;Öö;0,360;Tegelik
17.08.2025 13:00;Öö;0,336;Tegelik
17.08.2025 13:15;Öö;0,336;Tegelik
17.08.2025 13:30;Öö;0,336;Tegelik
17.08.2025 13:45;Öö;0,335;Tegelik
17.08.2025 14:00;Öö;0,184;Tegelik
17.08.2025 14:15;Öö;0,184;Tegelik
17.08.2025 14:30;Öö;0,184;Tegelik
17.08.2025 14:45;Öö;0,182;Tegelik
17.08.2025 15:00;Öö;0,191;Tegelik
17.08.2025 15:15;Öö;0,191;Tegelik
17.08.2025 15:30;Öö;0,191;Tegelik
17.08.2025 15:45;Öö;0,191;Tegelik
17.08.2025 16:00;Tipp öö;0,185;Tegelik
17.08.2025 16:15;Tipp öö;0,185;Tegelik
17.08.2025 16:30;Tipp öö;0,185;Tegelik
17.08.2025 16:45;Tipp öö;0,186;Tegelik
17.08.2025 17:00;Tipp öö;0,240;Tegelik
17.08.2025 17:15;Tipp öö;0,240;Tegelik
17.08.2025 17:30;Tipp öö;0,240;Tegelik
17.08.2025 17:45;Tipp öö;0,242;Tegelik
17.08.2025 18:00;Tipp öö;0,252;Tegelik
17.08.2025 18:15;Tipp öö;0,252;Tegelik
17.08.2025 18:30;Tipp öö;0,252;Tegelik
17.08.2025 18:45;Tipp öö;0,253;Tegelik
17.08.2025 19:00;Tipp öö;0,233;Tegelik
17.08.2025 19:15;Tipp öö;0,233;Tegelik
17.08.2025 19:30;Tipp öö;0,233;Tegelik
17.08.2025 19:45;Tipp öö;0,234;Tegelik
17.08.2025 20:00;Öö;0,262;Tegelik
17.08.2025 20:15;Öö;0,262;Tegelik
17.08.2025 20:30;Öö;0,262;Tegelik
17.08.2025 20:45;Öö;0,263;Tegelik
17.08.2025 21:00;Öö;0,142;Tegelik
17.08.2025 21:15;Öö;0,142;Tegelik
17.08.2025 21:30;Öö;0,142;Tegelik
17.08.2025 21:45;Öö;0,144;Tegelik
17.08.2025 22:00;Öö;0,142;Tegelik
17.08.2025 22:15;Öö;0,142;Tegelik
17.08.2025 22:30;Öö;0,142;Tegelik
17.08.2025 22:45;Öö;0,142;Tegelik
17.08.2025 23:00;Öö;0,171;Tegelik
17.08.2025 23:15;Öö;0,171;Tegelik
17.08.2025 23:30;Öö;0,171;Tegelik
17.08.2025 23:45;Öö;0,172;Tegelik
18.08.2025 00:00;Öö;0,137;Tegelik
18.08.2025 00:15;Öö;0,137;Tegelik
18.08.2025 00:30;Öö;0,137;Tegelik
18.08.2025 00:45;Öö;0,138;Tegelik
18.08.2025 01:00;Öö;0,129;Tegelik
18.08.2025 01:15;Öö;0,129;Tegelik
18.08.2025 01:30;Öö;0,129;Tegelik
18.08.2025 01:45;Öö;0,128;Tegelik
18.08.2025 02:00;Öö;0,123;Tegelik
18.08.2025 02:15;Öö;0,123;Tegelik
18.08.2025 02:30;Öö;0,123;Tegelik
18.08.2025 02:45;Öö;0,122;Tegelik
18.08.2025 03:00;Öö;0,115;Tegelik
18.08.2025 03:15;Öö;0,115;Tegelik
18.08.2025 03:30;Öö;0,115;Tegelik
18.08.2025 03:45;Öö;0,116;Tegelik
18.08.2025 04:00;Öö;0,113;Tegelik
18.08.2025 04:15;Öö;0,113;Tegelik
18.08.2025 04:30;Öö;0,113;Tegelik
18.08.2025 04:45;Öö;0,112;Tegelik
18.08.2025 05:00;Öö;0,147;Tegelik
18.08.2025 05:15;Öö;0,147;Tegelik
18.08.2025 05:30;Öö;0,147;Tegelik
18.08.2025 05:45;Öö;0,148;Tegelik
18.08.2025 06:00;Öö;0,447;Tegelik
18.08.2025 06:15;Öö;0,447;Tegelik
18.08.2025 06:30;Öö;0,447;Tegelik
18.08.2025 06:45;Öö;0,447;Tegelik
18.08.2025 07:00;Päev;0,266;Tegelik
18.08.2025 07:15;Päev;0,266;Tegelik
18.08.2025 07:30;Päev;0,266;Tegelik
18.08.2025 07:45;Päev;0,266;Tegelik
18.08.2025 08:00;Päev;0,091;Tegelik
18.08.2025 08:15;Päev;0,091;Tegelik
18.08.2025 08:30;Päev;0,091;Tegelik
18.08.2025 08:45;Päev;0,092;Tegelik
18.08.2025 09:00;Tipp päev;0,110;Tegelik
18.08.2025 09:15;Tipp päev;0,110;Tegelik
18.08.2025 09:30;Tipp päev;0,110;Tegelik
18.08.2025 09:45;Tipp päev;0,110;Tegelik
18.08.2025 10:00;Tipp päev;0,128;Tegelik
18.08.2025 10:15;Tipp päev;0,128;Tegelik
18.08.2025 10:30;Tipp päev;0,128;Tegelik
18.08.2025 10:45;Tipp päev;0,129;Tegelik
18.08.2025 11:00;Tipp päev;0,094;Tegelik
18.08.2025 11:15;Tipp päev;0,094;Tegelik
18.08.2025 11:30;Tipp päev;0,094;Tegelik
18.08.2025 11:45;Tipp päev;0,095;Tegelik
18.08.2025 12:00;Päev;0,172;Tegelik
18.08.2025 12:15;Päev;0,172;Tegelik
18.08.2025 12:30;Päev;0,172;Tegelik
18.08.2025 12:45;Päev;0,171;Tegelik
18.08.2025 13:00;Päev;0,232;Tegelik
18.08.2025 13:15;Päev;0,232;Tegelik
18.08.2025 13:30;Päev;0,232;Tegelik
18.08.2025 13:45;Päev;0,232;Tegelik
18.08.2025 14:00;Päev;0,312;Tegelik
18.08.2025 14:15;Päev;0,312;Tegelik
18.08.2025 14:30;Päev;0,312;Tegelik
18.08.2025 14:45;Päev;0,313;Tegelik
18.08.2025 15:00;Päev;0,130;Tegelik
18.08.2025 15:15;Päev;0,130;Tegelik
18.08.2025 15:30;Päev;0,130;Tegelik
18.08.2025 15:45;Päev;0,128;Tegelik
18.08.2025 16:00;Tipp päev;0,160;Tegelik
18.08.2025 16:15;Tipp päev;0,160;Tegelik
18.08.2025 16:30;Tipp päev;0,160;Tegelik
18.08.2025 16:45;Tipp päev;0,162;Tegelik
18.08.2025 17:00;Tipp päev;0,192;Tegelik
18.08.2025 17:15;Tipp päev;0,192;Tegelik
18.08.2025 17:30;Tipp päev;0,192;Tegelik
18.08.2025 17:45;Tipp päev;0,191;Tegelik
18.08.2025 18:00;Tipp päev;0,300;Tegelik
18.08.2025 18:15;Tipp päev;0,300;Tegelik
18.08.2025 18:30;Tipp päev;0,300;Tegelik
18.08.2025 18:45;Tipp päev;0,301;Tegelik
18.08.2025 19:00;Tipp päev;0,233;Tegelik
18.08.2025 19:15;Tipp päev;0,233;Tegelik
18.08.2025 19:30;Tipp päev;0,233;Tegelik
18.08.2025 19:45;Tipp päev;0,233;Tegelik
18.08.2025 20:00;Päev;0,236;Tegelik
18.08.2025 20:15;Päev;0,236;Tegelik
18.08.2025 20:30;Päev;0,236;Tegelik
18.08.2025 20:45;Päev;0,237;Tegelik
18.08.2025 21:00;Päev;0,283;Tegelik
18.08.2025 21:15;Päev;0,283;Tegelik
18.08.2025 21:30;Päev;0,283;Tegelik
18.08.2025 21:45;Päev;0,283;Tegelik
18.08.2025 22:00;Öö;0,161;Tegelik
18.08.2025 22:15;Öö;0,161;Tegelik
18.08.2025 22:30;Öö;0,161;Tegelik
18.08.2025 22:45;Öö;0,162;Tegelik
18.08.2025 23:00;Öö;0,131;Tegelik
18.08.2025 23:15;Öö;0,131;Tegelik
18.08.2025 23:30;Öö;0,131;Tegelik
18.08.2025 23:45;Öö;0,130;Tegelik
19.08.2025 00:00;Öö;0,130;Tegelik
19.08.2025 00:15;Öö;0,130;Tegelik
19.08.2025 00:30;Öö;0,130;Tegelik
19.08.2025 00:45;Öö;0,131;Tegelik
19.08.2025 01:00;Öö;0,124;Tegelik
19.08.2025 01:15;Öö;0,124;Tegelik
19.08.2025 01:30;Öö;0,124;Tegelik
19.08.2025 01:45;Öö;0,122;Tegelik
19.08.2025 02:00;Öö;0,254;Tegelik
19.08.2025 02:15;Öö;0,254;Tegelik
19.08.2025 02:30;Öö;0,254;Tegelik
19.08.2025 02:45;Öö;0,253;Tegelik
19.08.2025 03:00;Öö;0,174;Tegelik
19.08.2025 03:15;Öö;0,174;Tegelik
19.08.2025 03:30;Öö;0,174;Tegelik
19.08.2025 03:45;Öö;0,175;Tegelik
19.08.2025 04:00;Öö;0,142;Tegelik
19.08.2025 04:15;Öö;0,142;Tegelik
19.08.2025 04:30;Öö;0,142;Tegelik
19.08.2025 04:45;Öö;0,142;Tegelik
19.08.2025 05:00;Öö;0,105;Tegelik
19.08.2025 05:15;Öö;0,105;Tegelik
19.08.2025 05:30;Öö;0,105;Tegelik
19.08.2025 05:45;Öö;0,105;Tegelik
19.08.2025 06:00;Öö;0,406;Tegelik
19.08.2025 06:15;Öö;0,406;Tegelik
19.08.2025 06:30;Öö;0,406;Tegelik
19.08.2025 06:45;Öö;0,408;Tegelik
19.08.2025 07:00;Päev;0,262;Tegelik
19.08.2025 07:15;Päev;0,262;Tegelik
19.08.2025 07:30;Päev;0,262;Tegelik
19.08.2025 07:45;Päev;0,262;Tegelik
19.08.2025 08:00;Päev;0,116;Tegelik
19.08.2025 08:15;Päev;0,116;Tegelik
19.08.2025 08:30;Päev;0,116;Tegelik
19.08.2025 08:45;Päev;0,116;Tegelik
19.08.2025 09:00;Tipp päev;0,134;Tegelik
19.08.2025 09:15;Tipp päev;0,134;Tegelik
19.08.2025 09:30;Tipp päev;0,134;Tegelik
19.08.2025 09:45;Tipp päev;0,133;Tegelik
19.08.2025 10:00;Tipp päev;0,096;Tegelik
19.08.2025 10:15;Tipp päev;0,096;Tegelik
19.08.2025 10:30;Tipp päev;0,096;Tegelik
19.08.2025 10:45;Tipp päev;0,097;Tegelik
19.08.2025 11:00;Tipp päev;0,138;Tegelik
19.08.2025 11:15;Tipp päev;0,138;Tegelik
19.08.2025 11:30;Tipp päev;0,138;Tegelik
19.08.2025 11:45;Tipp päev;0,136;Tegelik
19.08.2025 12:00;Päev;0,096;Tegelik
19.08.2025 12:15;Päev;0,096;Tegelik
19.08.2025 12:30;Päev;0,096;Tegelik
19.08.2025 12:45;Päev;0,098;Tegelik
19.08.2025 13:00;Päev;0,104;Tegelik
19.08.2025 13:15;Päev;0,104;Tegelik
19.08.2025 13:30;Päev;0,104;Tegelik
19.08.2025 13:45;Päev;0,105;Tegelik
19.08.2025 14:00;Päev;0,142;Tegelik
19.08.2025 14:15;Päev;0,142;Tegelik
19.08.2025 14:30;Päev;0,142;Tegelik
19.08.2025 14:45;Päev;0,141;Tegelik
19.08.2025 15:00;Päev;0,101;Tegelik
19.08.2025 15:15;Päev;0,101;Tegelik
19.08.2025 15:30;Päev;0,101;Tegelik
19.08.2025 15:45;Päev;0,100;Tegelik
19.08.2025 16:00;Tipp päev;0,178;Tegelik
19.08.2025 16:15;Tipp päev;0,178;Tegelik
19.08.2025 16:30;Tipp päev;0,178;Tegelik
19.08.2025 16:45;Tipp päev;0,178;Tegelik
19.08.2025 17:00;Tipp päev;0,216;Tegelik
19.08.2025 17:15;Tipp päev;0,216;Tegelik
19.08.2025 17:30;Tipp päev;0,216;Tegelik
19.08.2025 17:45;Tipp päev;0,214;Tegelik
19.08.2025 18:00;Tipp päev;0,254;Tegelik
19.08.2025 18:15;Tipp päev;0,254;Tegelik
19.08.2025 18:30;Tipp päev;0,254;Tegelik
19.08.2025 18:45;Tipp päev;0,254;Tegelik
19.08.2025 19:00;Tipp päev;0,254;Tegelik
19.08.2025 19:15;Tipp päev;0,254;Tegelik
19.08.2025 19:30;Tipp päev;0,254;Tegelik
19.08.2025 19:45;Tipp päev;0,252;Tegelik
19.08.2025 20:00;Päev;0,312;Tegelik
19.08.2025 20:15;Päev;0,312;Tegelik
19.08.2025 20:30;Päev;0,312;Tegelik
19.08.2025 20:45;Päev;0,312;Tegelik
19.08.2025 21:00;Päev;0,190;Tegelik
19.08.2025 21:15;Päev;0,190;Tegelik
19.08.2025 21:30;Päev;0,190;Tegelik
19.08.2025 21:45;Päev;0,189;Tegelik
19.08.2025 22:00;Öö;0,184;Tegelik
19.08.2025 22:15;Öö;0,184;Tegelik
19.08.2025 22:30;Öö;0,184;Tegelik
19.08.2025 22:45;Öö;0,183;Tegelik
19.08.2025 23:00;Öö;0,150;Tegelik
19.08.2025 23:15;Öö;0,150;Tegelik
19.08.2025 23:30;Öö;0,150;Tegelik
19.08.2025 23:45;Öö;0,149;Tegelik
20.08.2025 00:00;Öö;0,334;Tegelik
20.08.2025 00:15;Öö;0,334;Tegelik
20.08.2025 00:30;Öö;0,334;Tegelik
20.08.2025 00:45;Öö;0,332;Tegelik
20.08.2025 01:00;Öö;0,706;Tegelik
20.08.2025 01:15;Öö;0,706;Tegelik
20.08.2025 01:30;Öö;0,706;Tegelik
20.08.2025 01:45;Öö;0,706;Tegelik
20.08.2025 02:00;Öö;0,735;Tegelik
20.08.2025 02:15;Öö;0,735;Tegelik
20.08.2025 02:30;Öö;0,735;Tegelik
20.08.2025 02:45;Öö;0,735;Tegelik
20.08.2025 03:00;Öö;0,679;Tegelik
20.08.2025 03:15;Öö;0,679;Tegelik
20.08.2025 03:30;Öö;0,679;Tegelik
20.08.2025 03:45;Öö;0,678;Tegelik
20.08.2025 04:00;Öö;0,128;Tegelik
20.08.2025 04:15;Öö;0,128;Tegelik
20.08.2025 04:30;Öö;0,128;Tegelik
20.08.2025 04:45;Öö;0,130;Tegelik
20.08.2025 05:00;Öö;0,190;Tegelik
20.08.2025 05:15;Öö;0,190;Tegelik
20.08.2025 05:30;Öö;0,190;Tegelik
20.08.2025 05:45;Öö;0,188;Tegelik
20.08.2025 06:00;Öö;0,353;Tegelik
20.08.2025 06:15;Öö;0,353;Tegelik
20.08.2025 06:30;Öö;0,353;Tegelik
20.08.2025 06:45;Öö;0,354;Tegelik
20.08.2025 07:00;Öö;0,237;Tegelik
20.08.2025 07:15;Öö;0,237;Tegelik
20.08.2025 07:30;Öö;0,237;Tegelik
20.08.2025 07:45;Öö;0,236;Tegelik
20.08.2025 08:00;Öö;0,223;Tegelik
20.08.2025 08:15;Öö;0,223;Tegelik
20.08.2025 08:30;Öö;0,223;Tegelik
20.08.2025 08:45;Öö;0,224;Tegelik
20.08.2025 09:00;Öö;0,189;Tegelik
20.08.2025 09:15;Öö;0,189;Tegelik
20.08.2025 09:30;Öö;0,189;Tegelik
20.08.2025 09:45;Öö;0,188;Tegelik
20.08.2025 10:00;Öö;0,298;Tegelik
20.08.2025 10:15;Öö;0,298;Tegelik
20.08.2025 10:30;Öö;0,298;Tegelik
20.08.2025 10:45;Öö;0,300;Tegelik
20.08.2025 11:00;Öö;0,465;Tegelik
20.08.2025 11:15;Öö;0,465;Tegelik
20.08.2025 11:30;Öö;0,465;Tegelik
20.08.2025 11:45;Öö;0,466;Tegelik
20.08.2025 12:00;Öö;0,334;Tegelik
20.08.2025 12:15;Öö;0,334;Tegelik
20.08.2025 12:30;Öö;0,334;Tegelik
20.08.2025 12:45;Öö;0,334;Tegelik
20.08.2025 13:00;Öö;0,332;Tegelik
20.08.2025 13:15;Öö;0,332;Tegelik
20.08.2025 13:30;Öö;0,332;Tegelik
20.08.2025 13:45;Öö;0,332;Tegelik
20.08.2025 14:00;Öö;0,194;Tegelik
20.08.2025 14:15;Öö;0,194;Tegelik
20.08.2025 14:30;Öö;0,194;Tegelik
20.08.2025 14:45;Öö;0,193;Tegelik
20.08.2025 15:00;Öö;0,139;Tegelik
20.08.2025 15:15;Öö;0,139;Tegelik
20.08.2025 15:30;Öö;0,139;Tegelik
20.08.2025 15:45;Öö;0,139;Tegelik
20.08.2025 16:00;Tipp öö;0,153;Tegelik
20.08.2025 16:15;Tipp öö;0,153;Tegelik
20.08.2025 16:30;Tipp öö;0,153;Tegelik
20.08.2025 16:45;Tipp öö;0,154;Tegelik
20.08.2025 17:00;Tipp öö;0,190;Tegelik
20.08.2025 17:15;Tipp öö;0,190;Tegelik
20.08.2025 17:30;Tipp öö;0,190;Tegelik
20.08.2025 17:45;Tipp öö;0,189;Tegelik
20.08.2025 18:00;Tipp öö;0,301;Tegelik
20.08.2025 18:15;Tipp öö;0,301;Tegelik
20.08.2025 18:30;Tipp öö;0,301;Tegelik
20.08.2025 18:45;Tipp öö;0,300;Tegelik
20.08.2025 19:00;Tipp öö;0,353;Tegelik
20.08.2025 19:15;Tipp öö;0,353;Tegelik
20.08.2025 19:30;Tipp öö;0,353;Tegelik
20.08.2025 19:45;Tipp öö;0,353;Tegelik
20.08.2025 20:00;Öö;0,248;Tegelik
20.08.2025 20:15;Öö;0,248;Tegelik
20.08.2025 20:30;Öö;0,248;Tegelik
20.08.2025 20:45;Öö;0,246;Tegelik
20.08.2025 21:00;Öö;0,167;Tegelik
20.08.2025 21:15;Öö;0,167;Tegelik
20.08.2025 21:30;Öö;0,167;Tegelik
20.08.2025 21:45;Öö;0,166;Tegelik
20.08.2025 22:00;Öö;0,137;Tegelik
20.08.2025 22:15;Öö;0,137;Tegelik
20.08.2025 22:30;Öö;0,137;Tegelik
20.08.2025 22:45;Öö;0,138;Tegelik
20.08.2025 23:00;Öö;0,164;Tegelik
20.08.2025 23:15;Öö;0,164;Tegelik
20.08.2025 23:30;Öö;0,164;Tegelik
20.08.2025 23:45;Öö;0,165;Tegelik
21.08.2025 00:00;Öö;0,142;Tegelik
21.08.2025 00:15;Öö;0,142;Tegelik
21.08.2025 00:30;Öö;0,142;Tegelik
21.08.2025 00:45;Öö;0,141;Tegelik
21.08.2025 01:00;Öö;0,139;Tegelik
21.08.2025 01:15;Öö;0,139;Tegelik
21.08.2025 01:30;Öö;0,139;Tegelik
21.08.2025 01:45;Öö;0,139;Tegelik
21.08.2025 02:00;Öö;0,139;Tegelik
21.08.2025 02:15;Öö;0,139;Tegelik
21.08.2025 02:30;Öö;0,139;Tegelik
21.08.2025 02:45;Öö;0,138;Tegelik
21.08.2025 03:00;Öö;0,175;Tegelik
21.08.2025 03:15;Öö;0,175;Tegelik
21.08.2025 03:30;Öö;0,175;Tegelik
21.08.2025 03:45;Öö;0,174;Tegelik
21.08.2025 04:00;Öö;0,250;Tegelik
21.08.2025 04:15;Öö;0,250;Tegelik
21.08.2025 04:30;Öö;0,250;Tegelik
21.08.2025 04:45;Öö;0,248;Tegelik
21.08.2025 05:00;Öö;0,131;Tegelik
21.08.2025 05:15;Öö;0,131;Tegelik
21.08.2025 05:30;Öö;0,131;Tegelik
21.08.2025 05:45;Öö;0,132;Tegelik
21.08.2025 06:00;Öö;0,160;Tegelik
21.08.2025 06:15;Öö;0,160;Tegelik
21.08.2025 06:30;Öö;0,160;Tegelik
21.08.2025 06:45;Öö;0,162;Tegelik
21.08.2025 07:00;Päev;0,190;Tegelik
21.08.2025 07:15;Päev;0,190;Tegelik
21.08.2025 07:30;Päev;0,190;Tegelik
21.08.2025 07:45;Päev;0,192;Tegelik
21.08.2025 08:00;Päev;0,292;Tegelik
21.08.2025 08:15;Päev;0,292;Tegelik
21.08.2025 08:30;Päev;0,292;Tegelik
21.08.2025 08:45;Päev;0,294;Tegelik
21.08.2025 09:00;Tipp päev;0,201;Tegelik
21.08.2025 09:15;Tipp päev;0,201;Tegelik
21.08.2025 09:30;Tipp päev;0,201;Tegelik
21.08.2025 09:45;Tipp päev;0,202;Tegelik
21.08.2025 10:00;Tipp päev;0,217;Tegelik
21.08.2025 10:15;Tipp päev;0,217;Tegelik
21.08.2025 10:30;Tipp päev;0,217;Tegelik
21.08.2025 10:45;Tipp päev;0,218;Tegelik
21.08.2025 11:00;Tipp päev;0,205;Tegelik
21.08.2025 11:15;Tipp päev;0,205;Tegelik
21.08.2025 11:30;Tipp päev;0,205;Tegelik
21.08.2025 11:45;Tipp päev;0,206;Tegelik
21.08.2025 12:00;Päev;0,201;Tegelik
21.08.2025 12:15;Päev;0,201;Tegelik
21.08.2025 12:30;Päev;0,201;Tegelik
21.08.2025 12:45;Päev;0,202;Tegelik
21.08.2025 13:00;Päev;0,158;Tegelik
21.08.2025 13:15;Päev;0,158;Tegelik
21.08.2025 13:30;Päev;0,158;Tegelik
21.08.2025 13:45;Päev;0,157;Tegelik
21.08.2025 14:00;Päev;0,164;Tegelik
21.08.2025 14:15;Päev;0,164;Tegelik
21.08.2025 14:30;Päev;0,164;Tegelik
21.08.2025 14:45;Päev;0,165;Tegelik
21.08.2025 15:00;Päev;0,122;Tegelik
21.08.2025 15:15;Päev;0,122;Tegelik
21.08.2025 15:30;Päev;0,122;Tegelik
21.08.2025 15:45;Päev;0,120;Tegelik
21.08.2025 16:00;Tipp päev;0,206;Tegelik
21.08.2025 16:15;Tipp päev;0,206;Tegelik
21.08.2025 16:30;Tipp päev;0,206;Tegelik
21.08.2025 16:45;Tipp päev;0,208;Tegelik
21.08.2025 17:00;Tipp päev;0,399;Tegelik
21.08.2025 17:15;Tipp päev;0,399;Tegelik
21.08.2025 17:30;Tipp päev;0,399;Tegelik
21.08.2025 17:45;Tipp päev;0,399;Tegelik
21.08.2025 18:00;Tipp päev;0,409;Tegelik
21.08.2025 18:15;Tipp päev;0,409;Tegelik
21.08.2025 18:30;Tipp päev;0,409;Tegelik
21.08.2025 18:45;Tipp päev;0,409;Tegelik
21.08.2025 19:00;Tipp päev;0,474;Tegelik
21.08.2025 19:15;Tipp päev;0,474;Tegelik
21.08.2025 19:30;Tipp päev;0,474;Tegelik
21.08.2025 19:45;Tipp päev;0,474;Tegelik
21.08.2025 20:00;Päev;0,254;Tegelik
21.08.2025 20:15;Päev;0,254;Tegelik
21.08.2025 20:30;Päev;0,254;Tegelik
21.08.2025 20:45;Päev;0,255;Tegelik
21.08.2025 21:00;Päev;0,222;Tegelik
21.08.2025 21:15;Päev;0,222;Tegelik
21.08.2025 21:30;Päev;0,222;Tegelik
21.08.2025 21:45;Päev;0,220;Tegelik
21.08.2025 22:00;Öö;0,242;Tegelik
21.08.2025 22:15;Öö;0,242;Tegelik
21.08.2025 22:30;Öö;0,242;Tegelik
21.08.2025 22:45;Öö;0,240;Tegelik
21.08.2025 23:00;Öö;0,168;Tegelik
21.08.2025 23:15;Öö;0,168;Tegelik
21.08.2025 23:30;Öö;0,168;Tegelik
21.08.2025 23:45;Öö;0,167;Tegelik
22.08.2025 00:00;Öö;0,213;Tegelik
22.08.2025 00:15;Öö;0,213;Tegelik
22.08.2025 00:30;Öö;0,213;Tegelik
22.08.2025 00:45;Öö;0,212;Tegelik
22.08.2025 01:00;Öö;0,192;Tegelik
22.08.2025 01:15;Öö;0,192;Tegelik
22.08.2025 01:30;Öö;0,192;Tegelik
22.08.2025 01:45;Öö;0,194;Tegelik
22.08.2025 02:00;Öö;0,179;Tegelik
22.08.2025 02:15;Öö;0,179;Tegelik
22.08.2025 02:30;Öö;0,179;Tegelik
22.08.2025 02:45;Öö;0,179;Tegelik
22.08.2025 03:00;Öö;0,305;Tegelik
22.08.2025 03:15;Öö;0,305;Tegelik
22.08.2025 03:30;Öö;0,305;Tegelik
22.08.2025 03:45;Öö;0,306;Tegelik
22.08.2025 04:00;Öö;0,273;Tegelik
22.08.2025 04:15;Öö;0,273;Tegelik
22.08.2025 04:30;Öö;0,273;Tegelik
22.08.2025 04:45;Öö;0,272;Tegelik
22.08.2025 05:00;Öö;0,155;Tegelik
22.08.2025 05:15;Öö;0,155;Tegelik
22.08.2025 05:30;Öö;0,155;Tegelik
22.08.2025 05:45;Öö;0,155;Tegelik
22.08.2025 06:00;Öö;0,394;Tegelik
22.08.2025 06:15;Öö;0,394;Tegelik
22.08.2025 06:30;Öö;0,394;Tegelik
22.08.2025 06:45;Öö;0,396;Tegelik
22.08.2025 07:00;Päev;0,341;Tegelik
22.08.2025 07:15;Päev;0,341;Tegelik
22.08.2025 07:30;Päev;0,341;Tegelik
22.08.2025 07:45;Päev;0,342;Tegelik
22.08.2025 08:00;Päev;0,253;Tegelik
22.08.2025 08:15;Päev;0,253;Tegelik
22.08.2025 08:30;Päev;0,253;Tegelik
22.08.2025 08:45;Päev;0,254;Tegelik
22.08.2025 09:00;Tipp päev;0,261;Tegelik
22.08.2025 09:15;Tipp päev;0,261;Tegelik
22.08.2025 09:30;Tipp päev;0,261;Tegelik
22.08.2025 09:45;Tipp päev;0,260;Tegelik
22.08.2025 10:00;Tipp päev;0,260;Tegelik
22.08.2025 10:15;Tipp päev;0,260;Tegelik
22.08.2025 10:30;Tipp päev;0,260;Tegelik
22.08.2025 10:45;Tipp päev;0,259;Tegelik
22.08.2025 11:00;Tipp päev;0,211;Tegelik
22.08.2025 11:15;Tipp päev;0,211;Tegelik
22.08.2025 11:30;Tipp päev;0,211;Tegelik
22.08.2025 11:45;Tipp päev;0,210;Tegelik
22.08.2025 12:00;Päev;0,272;Tegelik
22.08.2025 12:15;Päev;0,272;Tegelik
22.08.2025 12:30;Päev;0,272;Tegelik
22.08.2025 12:45;Päev;0,273;Tegelik
22.08.2025 13:00;Päev;0,180;Tegelik
22.08.2025 13:15;Päev;0,180;Tegelik
22.08.2025 13:30;Päev;0,180;Tegelik
22.08.2025 13:45;Päev;0,182;Tegelik
22.08.2025 14:00;Päev;0,166;Tegelik
22.08.2025 14:15;Päev;0,166;Tegelik
22.08.2025 14:30;Päev;0,166;Tegelik
22.08.2025 14:45;Päev;0,167;Tegelik
22.08.2025 15:00;Päev;0,224;Tegelik
22.08.2025 15:15;Päev;0,224;Tegelik
22.08.2025 15:30;Päev;0,224;Tegelik
22.08.2025 15:45;Päev;0,222;Tegelik
22.08.2025 16:00;Tipp päev;0,239;Tegelik
22.08.2025 16:15;Tipp päev;0,239;Tegelik
22.08.2025 16:30;Tipp päev;0,239;Tegelik
22.08.2025 16:45;Tipp päev;0,238;Tegelik
22.08.2025 17:00;Tipp päev;0,283;Tegelik
22.08.2025 17:15;Tipp päev;0,283;Tegelik
22.08.2025 17:30;Tipp päev;0,283;Tegelik
22.08.2025 17:45;Tipp päev;0,284;Tegelik
22.08.2025 18:00;Tipp päev;0,283;Tegelik
22.08.2025 18:15;Tipp päev;0,283;Tegelik
22.08.2025 18:30;Tipp päev;0,283;Tegelik
22.08.2025 18:45;Tipp päev;0,284;Tegelik
22.08.2025 19:00;Tipp päev;0,428;Tegelik
22.08.2025 19:15;Tipp päev;0,428;Tegelik
22.08.2025 19:30;Tipp päev;0,428;Tegelik
22.08.2025 19:45;Tipp päev;0,429;Tegelik
22.08.2025 20:00;Päev;0,212;Tegelik
22.08.2025 20:15;Päev;0,212;Tegelik
22.08.2025 20:30;Päev;0,212;Tegelik
22.08.2025 20:45;Päev;0,214;Tegelik
22.08.2025 21:00;Päev;0,182;Tegelik
22.08.2025 21:15;Päev;0,182;Tegelik
22.08.2025 21:30;Päev;0,182;Tegelik
22.08.2025 21:45;Päev;0,184;Tegelik
22.08.2025 22:00;Öö;0,208;Tegelik
22.08.2025 22:15;Öö;0,208;Tegelik
22.08.2025 22:30;Öö;0,208;Tegelik
22.08.2025 22:45;Öö;0,207;Tegelik
22.08.2025 23:00;Öö;0,226;Tegelik
22.08.2025 23:15;Öö;0,226;Tegelik
22.08.2025 23:30;Öö;0,226;Tegelik
22.08.2025 23:45;Öö;0,225;Tegelik
23.08.2025 00:00;Öö;0,193;Tegelik
23.08.2025 00:15;Öö;0,193;Tegelik
23.08.2025 00:30;Öö;0,193;Tegelik
23.08.2025 00:45;Öö;0,193;Tegelik
23.08.2025 01:00;Öö;0,240;Tegelik
23.08.2025 01:15;Öö;0,240;Tegelik
23.08.2025 01:30;Öö;0,240;Tegelik
23.08.2025 01:45;Öö;0,242;Tegelik
23.08.2025 02:00;Öö;0,291;Tegelik
23.08.2025 02:15;Öö;0,291;Tegelik
23.08.2025 02:30;Öö;0,291;Tegelik
23.08.2025 02:45;Öö;0,290;Tegelik
23.08.2025 03:00;Öö;0,186;Tegelik
23.08.2025 03:15;Öö;0,186;Tegelik
23.08.2025 03:30;Öö;0,186;Tegelik
23.08.2025 03:45;Öö;0,186;Tegelik
23.08.2025 04:00;Öö;0,164;Tegelik
23.08.2025 04:15;Öö;0,164;Tegelik
23.08.2025 04:30;Öö;0,164;Tegelik
23.08.2025 04:45;Öö;0,165;Tegelik
23.08.2025 05:00;Öö;0,165;Tegelik
23.08.2025 05:15;Öö;0,165;Tegelik
23.08.2025 05:30;Öö;0,165;Tegelik
23.08.2025 05:45;Öö;0,164;Tegelik
23.08.2025 06:00;Öö;0,284;Tegelik
23.08.2025 06:15;Öö;0,284;Tegelik
23.08.2025 06:30;Öö;0,284;Tegelik
23.08.2025 06:45;Öö;0,282;Tegelik
23.08.2025 07:00;Öö;0,434;Tegelik
23.08.2025 07:15;Öö;0,434;Tegelik
23.08.2025 07:30;Öö;0,434;Tegelik
23.08.2025 07:45;Öö;0,432;Tegelik
23.08.2025 08:00;Öö;0,330;Tegelik
23.08.2025 08:15;Öö;0,330;Tegelik
23.08.2025 08:30;Öö;0,330;Tegelik
23.08.2025 08:45;Öö;0,329;Tegelik
23.08.2025 09:00;Öö;0,304;Tegelik
23.08.2025 09:15;Öö;0,304;Tegelik
23.08.2025 09:30;Öö;0,304;Tegelik
23.08.2025 09:45;Öö;0,305;Tegelik
23.08.2025 10:00;Öö;0,347;Tegelik
23.08.2025 10:15;Öö;0,347;Tegelik
23.08.2025 10:30;Öö;0,347;Tegelik
23.08.2025 10:45;Öö;0,348;Tegelik
23.08.2025 11:00;Öö;0,628;Tegelik
23.08.2025 11:15;Öö;0,628;Tegelik
23.08.2025 11:30;Öö;0,628;Tegelik
23.08.2025 11:45;Öö;0,629;Tegelik
23.08.2025 12:00;Öö;0,436;Tegelik
23.08.2025 12:15;Öö;0,436;Tegelik
23.08.2025 12:30;Öö;0,436;Tegelik
23.08.2025 12:45;Öö;0,437;Tegelik
23.08.2025 13:00;Öö;0,412;Tegelik
23.08.2025 13:15;Öö;0,412;Tegelik
23.08.2025 13:30;Öö;0,412;Tegelik
23.08.2025 13:45;Öö;0,410;Tegelik
23.08.2025 14:00;Öö;0,251;Tegelik
23.08.2025 14:15;Öö;0,251;Tegelik
23.08.2025 14:30;Öö;0,251;Tegelik
23.08.2025 14:45;Öö;0,252;Tegelik
23.08.2025 15:00;Öö;1,413;Tegelik
23.08.2025 15:15;Öö;1,413;Tegelik
23.08.2025 15:30;Öö;1,413;Tegelik
23.08.2025 15:45;Öö;1,412;Tegelik
23.08.2025 16:00;Tipp öö;1,072;Tegelik
23.08.2025 16:15;Tipp öö;1,072;Tegelik
23.08.2025 16:30;Tipp öö;1,072;Tegelik
23.08.2025 16:45;Tipp öö;1,071;Tegelik
23.08.2025 17:00;Tipp öö;0,631;Tegelik
23.08.2025 17:15;Tipp öö;0,631;Tegelik
23.08.2025 17:30;Tipp öö;0,631;Tegelik
23.08.2025 17:45;Tipp öö;0,632;Tegelik
23.08.2025 18:00;Tipp öö;0,324;Tegelik
23.08.2025 18:15;Tipp öö;0,324;Tegelik
23.08.2025 18:30;Tipp öö;0,324;Tegelik
23.08.2025 18:45;Tipp öö;0,323;Tegelik
23.08.2025 19:00;Tipp öö;0,334;Tegelik
23.08.2025 19:15;Tipp öö;0,334;Tegelik
23.08.2025 19:30;Tipp öö;0,334;Tegelik
23.08.2025 19:45;Tipp öö;0,332;Tegelik
23.08.2025 20:00;Öö;0,238;Tegelik
23.08.2025 20:15;Öö;0,238;Tegelik
23.08.2025 20:30;Öö;0,238;Tegelik
23.08.2025 20:45;Öö;0,238;Tegelik
23.08.2025 21:00;Öö;0,193;Tegelik
23.08.2025 21:15;Öö;0,193;Tegelik
23.08.2025 21:30;Öö;0,193;Tegelik
23.08.2025 21:45;Öö;0,193;Tegelik
23.08.2025 22:00;Öö;0,298;Tegelik
23.08.2025 22:15;Öö;0,298;Tegelik
23.08.2025 22:30;Öö;0,298;Tegelik
23.08.2025 22:45;Öö;0,298;Tegelik
23.08.2025 23:00;Öö;0,195;Tegelik
23.08.2025 23:15;Öö;0,195;Tegelik
23.08.2025 23:30;Öö;0,195;Tegelik
23.08.2025 23:45;Öö;0,194;Tegelik
24.08.2025 00:00;Öö;0,202;Tegelik
24.08.2025 00:15;Öö;0,202;Tegelik
24.08.2025 00:30;Öö;0,202;Tegelik
24.08.2025 00:45;Öö;0,204;Tegelik
24.08.2025 01:00;Öö;0,428;Tegelik
24.08.2025 01:15;Öö;0,428;Tegelik
24.08.2025 01:30;Öö;0,428;Tegelik
24.08.2025 01:45;Öö;0,426;Tegelik
24.08.2025 02:00;Öö;0,150;Tegelik
24.08.2025 02:15;Öö;0,150;Tegelik
24.08.2025 02:30;Öö;0,150;Tegelik
24.08.2025 02:45;Öö;0,151;Tegelik
24.08.2025 03:00;Öö;0,246;Tegelik
24.08.2025 03:15;Öö;0,246;Tegelik
24.08.2025 03:30;Öö;0,246;Tegelik
24.08.2025 03:45;Öö;0,248;Tegelik
24.08.2025 04:00;Öö;0,433;Tegelik
24.08.2025 04:15;Öö;0,433;Tegelik
24.08.2025 04:30;Öö;0,433;Tegelik
24.08.2025 04:45;Öö;0,434;Tegelik
24.08.2025 05:00;Öö;0,147;Tegelik
24.08.2025 05:15;Öö;0,147;Tegelik
24.08.2025 05:30;Öö;0,147;Tegelik
24.08.2025 05:45;Öö;0,147;Tegelik
24.08.2025 06:00;Öö;0,290;Tegelik
24.08.2025 06:15;Öö;0,290;Tegelik
24.08.2025 06:30;Öö;0,290;Tegelik
24.08.2025 06:45;Öö;0,291;Tegelik
24.08.2025 07:00;Öö;0,486;Tegelik
24.08.2025 07:15;Öö;0,486;Tegelik
24.08.2025 07:30;Öö;0,486;Tegelik
24.08.2025 07:45;Öö;0,486;Tegelik
24.08.2025 08:00;Öö;0,347;Tegelik
24.08.2025 08:15;Öö;0,347;Tegelik
24.08.2025 08:30;Öö;0,347;Tegelik
24.08.2025 08:45;Öö;0,347;Tegelik
24.08.2025 09:00;Öö;0,345;Tegelik
24.08.2025 09:15;Öö;0,345;Tegelik
24.08.2025 09:30;Öö;0,345;Tegelik
24.08.2025 09:45;Öö;0,346;Tegelik
24.08.2025 10:00;Öö;0,591;Tegelik
24.08.2025 10:15;Öö;0,591;Tegelik
24.08.2025 10:30;Öö;0,591;Tegelik
24.08.2025 10:45;Öö;0,592;Tegelik
24.08.2025 11:00;Öö;0,608;Tegelik
24.08.2025 11:15;Öö;0,608;Tegelik
24.08.2025 11:30;Öö;0,608;Tegelik
24.08.2025 11:45;Öö;0,607;Tegelik
24.08.2025 12:00;Öö;0,402;Tegelik
24.08.2025 12:15;Öö;0,402;Tegelik
24.08.2025 12:30;Öö;0,402;Tegelik
24.08.2025 12:45;Öö;0,402;Tegelik
24.08.2025 13:00;Öö;0,486;Tegelik
24.08.2025 13:15;Öö;0,486;Tegelik
24.08.2025 13:30;Öö;0,486;Tegelik
24.08.2025 13:45;Öö;0,487;Tegelik
24.08.2025 14:00;Öö;0,231;Tegelik
24.08.2025 14:15;Öö;0,231;Tegelik
24.08.2025 14:30;Öö;0,231;Tegelik
24.08.2025 14:45;Öö;0,230;Tegelik
24.08.2025 15:00;Öö;0,333;Tegelik
24.08.2025 15:15;Öö;0,333;Tegelik
24.08.2025 15:30;Öö;0,333;Tegelik
24.08.2025 15:45;Öö;0,334;Tegelik
24.08.2025 16:00;Tipp öö;0,238;Tegelik
24.08.2025 16:15;Tipp öö;0,238;Tegelik
24.08.2025 16:30;Tipp öö;0,238;Tegelik
24.08.2025 16:45;Tipp öö;0,236;Tegelik
24.08.2025 17:00;Tipp öö;0,220;Tegelik
24.08.2025 17:15;Tipp öö;0,220;Tegelik
24.08.2025 17:30;Tipp öö;0,220;Tegelik
24.08.2025 17:45;Tipp öö;0,219;Tegelik
24.08.2025 18:00;Tipp öö;0,278;Tegelik
24.08.2025 18:15;Tipp öö;0,278;Tegelik
24.08.2025 18:30;Tipp öö;0,278;Tegelik
24.08.2025 18:45;Tipp öö;0,276;Tegelik
24.08.2025 19:00;Tipp öö;0,342;Tegelik
24.08.2025 19:15;Tipp öö;0,342;Tegelik
24.08.2025 19:30;Tipp öö;0,342;Tegelik
24.08.2025 19:45;Tipp öö;0,344;Tegelik
24.08.2025 20:00;Öö;0,646;Tegelik
24.08.2025 20:15;Öö;0,646;Tegelik
24.08.2025 20:30;Öö;0,646;Tegelik
24.08.2025 20:45;Öö;0,644;Tegelik
24.08.2025 21:00;Öö;0,256;Tegelik
24.08.2025 21:15;Öö;0,256;Tegelik
24.08.2025 21:30;Öö;0,256;Tegelik
24.08.2025 21:45;Öö;0,256;Tegelik
24.08.2025 22:00;Öö;0,215;Tegelik
24.08.2025 22:15;Öö;0,215;Tegelik
24.08.2025 22:30;Öö;0,215;Tegelik
24.08.2025 22:45;Öö;0,216;Tegelik
24.08.2025 23:00;Öö;0,325;Tegelik
24.08.2025 23:15;Öö;0,325;Tegelik
24.08.2025 23:30;Öö;0,325;Tegelik
24.08.2025 23:45;Öö;0,324;Tegelik
25.08.2025 00:00;Öö;0,275;Tegelik
25.08.2025 00:15;Öö;0,275;Tegelik
25.08.2025 00:30;Öö;0,275;Tegelik
25.08.2025 00:45;Öö;0,275;Tegelik
25.08.2025 01:00;Öö;0,149;Tegelik
25.08.2025 01:15;Öö;0,149;Tegelik
25.08.2025 01:30;Öö;0,149;Tegelik
25.08.2025 01:45;Öö;0,150;Tegelik
25.08.2025 02:00;Öö;0,155;Tegelik
25.08.2025 02:15;Öö;0,155;Tegelik
25.08.2025 02:30;Öö;0,155;Tegelik
25.08.2025 02:45;Öö;0,154;Tegelik
25.08.2025 03:00;Öö;0,190;Tegelik
25.08.2025 03:15;Öö;0,190;Tegelik
25.08.2025 03:30;Öö;0,190;Tegelik
25.08.2025 03:45;Öö;0,191;Tegelik
25.08.2025 04:00;Öö;0,150;Tegelik
25.08.2025 04:15;Öö;0,150;Tegelik
25.08.2025 04:30;Öö;0,150;Tegelik
25.08.2025 04:45;Öö;0,151;Tegelik
25.08.2025 05:00;Öö;0,137;Tegelik
25.08.2025 05:15;Öö;0,137;Tegelik
25.08.2025 05:30;Öö;0,137;Tegelik
25.08.2025 05:45;Öö;0,138;Tegelik
25.08.2025 06:00;Öö;0,658;Tegelik
25.08.2025 06:15;Öö;0,658;Tegelik
25.08.2025 06:30;Öö;0,658;Tegelik
25.08.2025 06:45;Öö;0,658;Tegelik
25.08.2025 07:00;Päev;0,527;Tegelik
25.08.2025 07:15;Päev;0,527;Tegelik
25.08.2025 07:30;Päev;0,527;Tegelik
25.08.2025 07:45;Päev;0,527;Tegelik
25.08.2025 08:00;Päev;0,163;Tegelik
25.08.2025 08:15;Päev;0,163;Tegelik
25.08.2025 08:30;Päev;0,163;Tegelik
25.08.2025 08:45;Päev;0,162;Tegelik
25.08.2025 09:00;Tipp päev;0,186;Tegelik
25.08.2025 09:15;Tipp päev;0,186;Tegelik
25.08.2025 09:30;Tipp päev;0,186;Tegelik
25.08.2025 09:45;Tipp päev;0,186;Tegelik
25.08.2025 10:00;Tipp päev;0,330;Tegelik
25.08.2025 10:15;Tipp päev;0,330;Tegelik
25.08.2025 10:30;Tipp päev;0,330;Tegelik
25.08.2025 10:45;Tipp päev;0,330;Tegelik
25.08.2025 11:00;Tipp päev;0,328;Tegelik
25.08.2025 11:15;Tipp päev;0,328;Tegelik
25.08.2025 11:30;Tipp päev;0,328;Tegelik
25.08.2025 11:45;Tipp päev;0,327;Tegelik
25.08.2025 12:00;Päev;0,219;Tegelik
25.08.2025 12:15;Päev;0,219;Tegelik
25.08.2025 12:30;Päev;0,219;Tegelik
25.08.2025 12:45;Päev;0,219;Tegelik
25.08.2025 13:00;Päev;0,191;Tegelik
25.08.2025 13:15;Päev;0,191;Tegelik
25.08.2025 13:30;Päev;0,191;Tegelik
25.08.2025 13:45;Päev;0,191;Tegelik
25.08.2025 14:00;Päev;0,558;Tegelik
25.08.2025 14:15;Päev;0,558;Tegelik
25.08.2025 14:30;Päev;0,558;Tegelik
25.08.2025 14:45;Päev;0,558;Tegelik
25.08.2025 15:00;Päev;0,215;Tegelik
25.08.2025 15:15;Päev;0,215;Tegelik
25.08.2025 15:30;Päev;0,215;Tegelik
25.08.2025 15:45;Päev;0,216;Tegelik
25.08.2025 16:00;Tipp päev;0,224;Tegelik
25.08.2025 16:15;Tipp päev;0,224;Tegelik
25.08.2025 16:30;Tipp päev;0,224;Tegelik
25.08.2025 16:45;Tipp päev;0,223;Tegelik
25.08.2025 17:00;Tipp päev;0,309;Tegelik
25.08.2025 17:15;Tipp päev;0,309;Tegelik
25.08.2025 17:30;Tipp päev;0,309;Tegelik
25.08.2025 17:45;Tipp päev;0,309;Tegelik
25.08.2025 18:00;Tipp päev;0,353;Tegelik
25.08.2025 18:15;Tipp päev;0,353;Tegelik
25.08.2025 18:30;Tipp päev;0,353;Tegelik
25.08.2025 18:45;Tipp päev;0,353;Tegelik
25.08.2025 19:00;Tipp päev;0,293;Tegelik
25.08.2025 19:15;Tipp päev;0,293;Tegelik
25.08.2025 19:30;Tipp päev;0,293;Tegelik
25.08.2025 19:45;Tipp päev;0,292;Tegelik
25.08.2025 20:00;Päev;0,269;Tegelik
25.08.2025 20:15;Päev;0,269;Tegelik
25.08.2025 20:30;Päev;0,269;Tegelik
25.08.2025 20:45;Päev;0,270;Tegelik
25.08.2025 21:00;Päev;0,459;Tegelik
25.08.2025 21:15;Päev;0,459;Tegelik
25.08.2025 21:30;Päev;0,459;Tegelik
25.08.2025 21:45;Päev;0,459;Tegelik
25.08.2025 22:00;Öö;0,253;Tegelik
25.08.2025 22:15;Öö;0,253;Tegelik
25.08.2025 22:30;Öö;0,253;Tegelik
25.08.2025 22:45;Öö;0,253;Tegelik
25.08.2025 23:00;Öö;0,222;Tegelik
25.08.2025 23:15;Öö;0,222;Tegelik
25.08.2025 23:30;Öö;0,222;Tegelik
25.08.2025 23:45;Öö;0,220;Tegelik
26.08.2025 00:00;Öö;0,268;Tegelik
26.08.2025 00:15;Öö;0,268;Tegelik
26.08.2025 00:30;Öö;0,268;Tegelik
26.08.2025 00:45;Öö;0,266;Tegelik
26.08.2025 01:00;Öö;0,226;Tegelik
26.08.2025 01:15;Öö;0,226;Tegelik
26.08.2025 01:30;Öö;0,226;Tegelik
26.08.2025 01:45;Öö;0,225;Tegelik
26.08.2025 02:00;Öö;0,225;Tegelik
26.08.2025 02:15;Öö;0,225;Tegelik
26.08.2025 02:30;Öö;0,225;Tegelik
26.08.2025 02:45;Öö;0,224;Tegelik
26.08.2025 03:00;Öö;0,226;Tegelik
26.08.2025 03:15;Öö;0,226;Tegelik
26.08.2025 03:30;Öö;0,226;Tegelik
26.08.2025 03:45;Öö;0,225;Tegelik
26.08.2025 04:00;Öö;0,444;Tegelik
26.08.2025 04:15;Öö;0,444;Tegelik
26.08.2025 04:30;Öö;0,444;Tegelik
26.08.2025 04:45;Öö;0,442;Tegelik
26.08.2025 05:00;Öö;0,185;Tegelik
26.08.2025 05:15;Öö;0,185;Tegelik
26.08.2025 05:30;Öö;0,185;Tegelik
26.08.2025 05:45;Öö;0,185;Tegelik
26.08.2025 06:00;Öö;0,685;Tegelik
26.08.2025 06:15;Öö;0,685;Tegelik
26.08.2025 06:30;Öö;0,685;Tegelik
26.08.2025 06:45;Öö;0,684;Tegelik
26.08.2025 07:00;Päev;0,408;Tegelik
26.08.2025 07:15;Päev;0,408;Tegelik
26.08.2025 07:30;Päev;0,408;Tegelik
26.08.2025 07:45;Päev;0,410;Tegelik
26.08.2025 08:00;Päev;0,248;Tegelik
26.08.2025 08:15;Päev;0,248;Tegelik
26.08.2025 08:30;Päev;0,248;Tegelik
26.08.2025 08:45;Päev;0,249;Tegelik
26.08.2025 09:00;Tipp päev;0,248;Tegelik
26.08.2025 09:15;Tipp päev;0,248;Tegelik
26.08.2025 09:30;Tipp päev;0,248;Tegelik
26.08.2025 09:45;Tipp päev;0,246;Tegelik
26.08.2025 10:00;Tipp päev;0,228;Tegelik
26.08.2025 10:15;Tipp päev;0,228;Tegelik
26.08.2025 10:30;Tipp päev;0,228;Tegelik
26.08.2025 10:45;Tipp päev;0,227;Tegelik
26.08.2025 11:00;Tipp päev;0,244;Tegelik
26.08.2025 11:15;Tipp päev;0,244;Tegelik
26.08.2025 11:30;Tipp päev;0,244;Tegelik
26.08.2025 11:45;Tipp päev;0,245;Tegelik
26.08.2025 12:00;Päev;0,233;Tegelik
26.08.2025 12:15;Päev;0,233;Tegelik
26.08.2025 12:30;Päev;0,233;Tegelik
26.08.2025 12:45;Päev;0,234;Tegelik
26.08.2025 13:00;Päev;0,224;Tegelik
26.08.2025 13:15;Päev;0,224;Tegelik
26.08.2025 13:30;Päev;0,224;Tegelik
26.08.2025 13:45;Päev;0,223;Tegelik
26.08.2025 14:00;Päev;0,326;Tegelik
26.08.2025 14:15;Päev;0,326;Tegelik
26.08.2025 14:30;Päev;0,326;Tegelik
26.08.2025 14:45;Päev;0,326;Tegelik
26.08.2025 15:00;Päev;0,377;Tegelik
26.08.2025 15:15;Päev;0,377;Tegelik
26.08.2025 15:30;Päev;0,377;Tegelik
26.08.2025 15:45;Päev;0,376;Tegelik
26.08.2025 16:00;Tipp päev;0,253;Tegelik
26.08.2025 16:15;Tipp päev;0,253;Tegelik
26.08.2025 16:30;Tipp päev;0,253;Tegelik
26.08.2025 16:45;Tipp päev;0,254;Tegelik
26.08.2025 17:00;Tipp päev;0,513;Tegelik
26.08.2025 17:15;Tipp päev;0,513;Tegelik
26.08.2025 17:30;Tipp päev;0,513;Tegelik
26.08.2025 17:45;Tipp päev;0,514;Tegelik
26.08.2025 18:00;Tipp päev;0,391;Tegelik
26.08.2025 18:15;Tipp päev;0,391;Tegelik
26.08.2025 18:30;Tipp päev;0,391;Tegelik
26.08.2025 18:45;Tipp päev;0,390;Tegelik
26.08.2025 19:00;Tipp päev;0,323;Tegelik
26.08.2025 19:15;Tipp päev;0,323;Tegelik
26.08.2025 19:30;Tipp päev;0,323;Tegelik
26.08.2025 19:45;Tipp päev;0,324;Tegelik
26.08.2025 20:00;Päev;0,257;Tegelik
26.08.2025 20:15;Päev;0,257;Tegelik
26.08.2025 20:30;Päev;0,257;Tegelik
26.08.2025 20:45;Päev;0,257;Tegelik
26.08.2025 21:00;Päev;0,333;Tegelik
26.08.2025 21:15;Päev;0,333;Tegelik
26.08.2025 21:30;Päev;0,333;Tegelik
26.08.2025 21:45;Päev;0,334;Tegelik
26.08.2025 22:00;Öö;0,316;Tegelik
26.08.2025 22:15;Öö;0,316;Tegelik
26.08.2025 22:30;Öö;0,316;Tegelik
26.08.2025 22:45;Öö;0,317;Tegelik
26.08.2025 23:00;Öö;0,232;Tegelik
26.08.2025 23:15;Öö;0,232;Tegelik
26.08.2025 23:30;Öö;0,232;Tegelik
26.08.2025 23:45;Öö;0,234;Tegelik
27.08.2025 00:00;Öö;0,440;Tegelik
27.08.2025 00:15;Öö;0,440;Tegelik
27.08.2025 00:30;Öö;0,440;Tegelik
27.08.2025 00:45;Öö;0,438;Tegelik
27.08.2025 01:00;Öö;0,238;Tegelik
27.08.2025 01:15;Öö;0,238;Tegelik
27.08.2025 01:30;Öö;0,238;Tegelik
27.08.2025 01:45;Öö;0,236;Tegelik
27.08.2025 02:00;Öö;0,346;Tegelik
27.08.2025 02:15;Öö;0,346;Tegelik
27.08.2025 02:30;Öö;0,346;Tegelik
27.08.2025 02:45;Öö;0,347;Tegelik
27.08.2025 03:00;Öö;0,314;Tegelik
27.08.2025 03:15;Öö;0,314;Tegelik
27.08.2025 03:30;Öö;0,314;Tegelik
27.08.2025 03:45;Öö;0,314;Tegelik
27.08.2025 04:00;Öö;0,218;Tegelik
27.08.2025 04:15;Öö;0,218;Tegelik
27.08.2025 04:30;Öö;0,218;Tegelik
27.08.2025 04:45;Öö;0,217;Tegelik
27.08.2025 05:00;Öö;0,179;Tegelik
27.08.2025 05:15;Öö;0,179;Tegelik
27.08.2025 05:30;Öö;0,179;Tegelik
27.08.2025 05:45;Öö;0,180;Tegelik
